Open_t-6,High_t-6,Low_t-6,Close_t-6,Volume_t-6,Open_t-5,High_t-5,Low_t-5,Close_t-5,Volume_t-5,Open_t-4,High_t-4,Low_t-4,Close_t-4,Volume_t-4,Open_t-3,High_t-3,Low_t-3,Close_t-3,Volume_t-3,Open_t-2,High_t-2,Low_t-2,Close_t-2,Volume_t-2,Open_t-1,High_t-1,Low_t-1,Close_t-1,Volume_t-1,Close_t,Date_t
13.48,13.56,13.46,13.48,238439904.00,13.48,13.50,13.46,13.48,68682496.00,13.50,13.50,12.68,13.10,148213200.00,13.10,13.42,13.10,13.40,22601300.00,13.40,13.48,13.38,13.46,8020600.00,13.46,13.48,13.38,13.46,9874000.00,13.70,2021-06-09
13.48,13.50,13.46,13.48,68682496.00,13.50,13.50,12.68,13.10,148213200.00,13.10,13.42,13.10,13.40,22601300.00,13.40,13.48,13.38,13.46,8020600.00,13.46,13.48,13.38,13.46,9874000.00,13.46,13.76,13.42,13.70,29222800.00,13.92,2021-06-10
13.50,13.50,12.68,13.10,148213200.00,13.10,13.42,13.10,13.40,22601300.00,13.40,13.48,13.38,13.46,8020600.00,13.46,13.48,13.38,13.46,9874000.00,13.46,13.76,13.42,13.70,29222800.00,13.78,14.16,13.74,13.92,23897500.00,14.04,2021-06-11
13.10,13.42,13.10,13.40,22601300.00,13.40,13.48,13.38,13.46,8020600.00,13.46,13.48,13.38,13.46,9874000.00,13.46,13.76,13.42,13.70,29222800.00,13.78,14.16,13.74,13.92,23897500.00,13.92,14.10,13.80,14.04,6237200.00,14.68,2021-06-14
13.40,13.48,13.38,13.46,8020600.00,13.46,13.48,13.38,13.46,9874000.00,13.46,13.76,13.42,13.70,29222800.00,13.78,14.16,13.74,13.92,23897500.00,13.92,14.10,13.80,14.04,6237200.00,14.10,14.70,14.06,14.68,11431800.00,14.66,2021-06-15
13.46,13.48,13.38,13.46,9874000.00,13.46,13.76,13.42,13.70,29222800.00,13.78,14.16,13.74,13.92,23897500.00,13.92,14.10,13.80,14.04,6237200.00,14.10,14.70,14.06,14.68,11431800.00,14.66,14.76,14.42,14.66,13586500.00,14.74,2021-06-16
13.46,13.76,13.42,13.70,29222800.00,13.78,14.16,13.74,13.92,23897500.00,13.92,14.10,13.80,14.04,6237200.00,14.10,14.70,14.06,14.68,11431800.00,14.66,14.76,14.42,14.66,13586500.00,14.70,14.76,14.50,14.74,9832500.00,14.60,2021-06-17
13.78,14.16,13.74,13.92,23897500.00,13.92,14.10,13.80,14.04,6237200.00,14.10,14.70,14.06,14.68,11431800.00,14.66,14.76,14.42,14.66,13586500.00,14.70,14.76,14.50,14.74,9832500.00,14.76,14.78,14.42,14.60,8647800.00,14.30,2021-06-18
13.92,14.10,13.80,14.04,6237200.00,14.10,14.70,14.06,14.68,11431800.00,14.66,14.76,14.42,14.66,13586500.00,14.70,14.76,14.50,14.74,9832500.00,14.76,14.78,14.42,14.60,8647800.00,14.60,14.66,14.30,14.30,3183800.00,14.50,2021-06-21
14.10,14.70,14.06,14.68,11431800.00,14.66,14.76,14.42,14.66,13586500.00,14.70,14.76,14.50,14.74,9832500.00,14.76,14.78,14.42,14.60,8647800.00,14.60,14.66,14.30,14.30,3183800.00,14.30,14.54,14.30,14.50,3689000.00,14.58,2021-06-22
14.66,14.76,14.42,14.66,13586500.00,14.70,14.76,14.50,14.74,9832500.00,14.76,14.78,14.42,14.60,8647800.00,14.60,14.66,14.30,14.30,3183800.00,14.30,14.54,14.30,14.50,3689000.00,14.48,14.58,14.32,14.58,10730600.00,14.74,2021-06-23
14.70,14.76,14.50,14.74,9832500.00,14.76,14.78,14.42,14.60,8647800.00,14.60,14.66,14.30,14.30,3183800.00,14.30,14.54,14.30,14.50,3689000.00,14.48,14.58,14.32,14.58,10730600.00,14.58,14.76,14.52,14.74,10198600.00,15.34,2021-06-24
14.76,14.78,14.42,14.60,8647800.00,14.60,14.66,14.30,14.30,3183800.00,14.30,14.54,14.30,14.50,3689000.00,14.48,14.58,14.32,14.58,10730600.00,14.58,14.76,14.52,14.74,10198600.00,14.76,15.60,14.76,15.34,30903700.00,15.34,2021-06-25
14.60,14.66,14.30,14.30,3183800.00,14.30,14.54,14.30,14.50,3689000.00,14.48,14.58,14.32,14.58,10730600.00,14.58,14.76,14.52,14.74,10198600.00,14.76,15.60,14.76,15.34,30903700.00,15.60,15.98,15.24,15.34,21668300.00,15.60,2021-06-28
14.30,14.54,14.30,14.50,3689000.00,14.48,14.58,14.32,14.58,10730600.00,14.58,14.76,14.52,14.74,10198600.00,14.76,15.60,14.76,15.34,30903700.00,15.60,15.98,15.24,15.34,21668300.00,15.50,15.80,15.50,15.60,4113100.00,16.04,2021-06-29
14.48,14.58,14.32,14.58,10730600.00,14.58,14.76,14.52,14.74,10198600.00,14.76,15.60,14.76,15.34,30903700.00,15.60,15.98,15.24,15.34,21668300.00,15.50,15.80,15.50,15.60,4113100.00,15.62,16.08,15.62,16.04,23143600.00,16.52,2021-06-30
14.58,14.76,14.52,14.74,10198600.00,14.76,15.60,14.76,15.34,30903700.00,15.60,15.98,15.24,15.34,21668300.00,15.50,15.80,15.50,15.60,4113100.00,15.62,16.08,15.62,16.04,23143600.00,16.12,16.80,16.12,16.52,29927900.00,17.00,2021-07-01
14.76,15.60,14.76,15.34,30903700.00,15.60,15.98,15.24,15.34,21668300.00,15.50,15.80,15.50,15.60,4113100.00,15.62,16.08,15.62,16.04,23143600.00,16.12,16.80,16.12,16.52,29927900.00,16.68,17.00,16.52,17.00,38308896.00,17.00,2021-07-02
15.60,15.98,15.24,15.34,21668300.00,15.50,15.80,15.50,15.60,4113100.00,15.62,16.08,15.62,16.04,23143600.00,16.12,16.80,16.12,16.52,29927900.00,16.68,17.00,16.52,17.00,38308896.00,16.86,17.16,16.84,17.00,11106800.00,16.88,2021-07-05
15.50,15.80,15.50,15.60,4113100.00,15.62,16.08,15.62,16.04,23143600.00,16.12,16.80,16.12,16.52,29927900.00,16.68,17.00,16.52,17.00,38308896.00,16.86,17.16,16.84,17.00,11106800.00,17.00,17.12,16.74,16.88,13795300.00,16.44,2021-07-06
15.62,16.08,15.62,16.04,23143600.00,16.12,16.80,16.12,16.52,29927900.00,16.68,17.00,16.52,17.00,38308896.00,16.86,17.16,16.84,17.00,11106800.00,17.00,17.12,16.74,16.88,13795300.00,16.90,17.00,16.30,16.44,13180400.00,16.20,2021-07-07
16.12,16.80,16.12,16.52,29927900.00,16.68,17.00,16.52,17.00,38308896.00,16.86,17.16,16.84,17.00,11106800.00,17.00,17.12,16.74,16.88,13795300.00,16.90,17.00,16.30,16.44,13180400.00,16.50,16.58,16.18,16.20,8270200.00,16.70,2021-07-08
16.68,17.00,16.52,17.00,38308896.00,16.86,17.16,16.84,17.00,11106800.00,17.00,17.12,16.74,16.88,13795300.00,16.90,17.00,16.30,16.44,13180400.00,16.50,16.58,16.18,16.20,8270200.00,16.20,16.70,16.20,16.70,10136300.00,17.00,2021-07-09
16.86,17.16,16.84,17.00,11106800.00,17.00,17.12,16.74,16.88,13795300.00,16.90,17.00,16.30,16.44,13180400.00,16.50,16.58,16.18,16.20,8270200.00,16.20,16.70,16.20,16.70,10136300.00,16.70,17.06,16.40,17.00,16747000.00,16.92,2021-07-12
17.00,17.12,16.74,16.88,13795300.00,16.90,17.00,16.30,16.44,13180400.00,16.50,16.58,16.18,16.20,8270200.00,16.20,16.70,16.20,16.70,10136300.00,16.70,17.06,16.40,17.00,16747000.00,16.90,17.02,16.80,16.92,5044300.00,16.64,2021-07-13
16.90,17.00,16.30,16.44,13180400.00,16.50,16.58,16.18,16.20,8270200.00,16.20,16.70,16.20,16.70,10136300.00,16.70,17.06,16.40,17.00,16747000.00,16.90,17.02,16.80,16.92,5044300.00,16.92,16.94,16.42,16.64,10100900.00,16.34,2021-07-14
16.50,16.58,16.18,16.20,8270200.00,16.20,16.70,16.20,16.70,10136300.00,16.70,17.06,16.40,17.00,16747000.00,16.90,17.02,16.80,16.92,5044300.00,16.92,16.94,16.42,16.64,10100900.00,16.64,16.64,16.24,16.34,7214400.00,16.40,2021-07-15
16.20,16.70,16.20,16.70,10136300.00,16.70,17.06,16.40,17.00,16747000.00,16.90,17.02,16.80,16.92,5044300.00,16.92,16.94,16.42,16.64,10100900.00,16.64,16.64,16.24,16.34,7214400.00,16.36,16.60,16.22,16.40,6353200.00,15.68,2021-07-16
16.70,17.06,16.40,17.00,16747000.00,16.90,17.02,16.80,16.92,5044300.00,16.92,16.94,16.42,16.64,10100900.00,16.64,16.64,16.24,16.34,7214400.00,16.36,16.60,16.22,16.40,6353200.00,16.48,16.56,15.56,15.68,18880200.00,15.18,2021-07-19
16.90,17.02,16.80,16.92,5044300.00,16.92,16.94,16.42,16.64,10100900.00,16.64,16.64,16.24,16.34,7214400.00,16.36,16.60,16.22,16.40,6353200.00,16.48,16.56,15.56,15.68,18880200.00,15.68,15.68,14.42,15.18,36547300.00,15.02,2021-07-21
16.92,16.94,16.42,16.64,10100900.00,16.64,16.64,16.24,16.34,7214400.00,16.36,16.60,16.22,16.40,6353200.00,16.48,16.56,15.56,15.68,18880200.00,15.68,15.68,14.42,15.18,36547300.00,15.10,15.10,14.66,15.02,14341800.00,15.26,2021-07-22
16.64,16.64,16.24,16.34,7214400.00,16.36,16.60,16.22,16.40,6353200.00,16.48,16.56,15.56,15.68,18880200.00,15.68,15.68,14.42,15.18,36547300.00,15.10,15.10,14.66,15.02,14341800.00,15.02,15.52,15.02,15.26,7100900.00,15.00,2021-07-23
16.36,16.60,16.22,16.40,6353200.00,16.48,16.56,15.56,15.68,18880200.00,15.68,15.68,14.42,15.18,36547300.00,15.10,15.10,14.66,15.02,14341800.00,15.02,15.52,15.02,15.26,7100900.00,15.38,15.40,14.88,15.00,7938900.00,14.90,2021-07-26
16.48,16.56,15.56,15.68,18880200.00,15.68,15.68,14.42,15.18,36547300.00,15.10,15.10,14.66,15.02,14341800.00,15.02,15.52,15.02,15.26,7100900.00,15.38,15.40,14.88,15.00,7938900.00,15.06,15.06,14.74,14.90,4691400.00,15.08,2021-07-27
15.68,15.68,14.42,15.18,36547300.00,15.10,15.10,14.66,15.02,14341800.00,15.02,15.52,15.02,15.26,7100900.00,15.38,15.40,14.88,15.00,7938900.00,15.06,15.06,14.74,14.90,4691400.00,14.90,15.18,14.88,15.08,5082500.00,14.88,2021-07-28
15.10,15.10,14.66,15.02,14341800.00,15.02,15.52,15.02,15.26,7100900.00,15.38,15.40,14.88,15.00,7938900.00,15.06,15.06,14.74,14.90,4691400.00,14.90,15.18,14.88,15.08,5082500.00,14.90,15.00,14.76,14.88,4131900.00,15.26,2021-07-29
15.02,15.52,15.02,15.26,7100900.00,15.38,15.40,14.88,15.00,7938900.00,15.06,15.06,14.74,14.90,4691400.00,14.90,15.18,14.88,15.08,5082500.00,14.90,15.00,14.76,14.88,4131900.00,14.88,15.46,14.86,15.26,16289900.00,14.78,2021-07-30
15.38,15.40,14.88,15.00,7938900.00,15.06,15.06,14.74,14.90,4691400.00,14.90,15.18,14.88,15.08,5082500.00,14.90,15.00,14.76,14.88,4131900.00,14.88,15.46,14.86,15.26,16289900.00,15.26,15.46,14.66,14.78,13607300.00,14.78,2021-08-02
15.06,15.06,14.74,14.90,4691400.00,14.90,15.18,14.88,15.08,5082500.00,14.90,15.00,14.76,14.88,4131900.00,14.88,15.46,14.86,15.26,16289900.00,15.26,15.46,14.66,14.78,13607300.00,14.80,15.06,14.68,14.78,6395700.00,15.00,2021-08-03
14.90,15.18,14.88,15.08,5082500.00,14.90,15.00,14.76,14.88,4131900.00,14.88,15.46,14.86,15.26,16289900.00,15.26,15.46,14.66,14.78,13607300.00,14.80,15.06,14.68,14.78,6395700.00,14.84,15.18,14.78,15.00,8105800.00,15.58,2021-08-04
14.90,15.00,14.76,14.88,4131900.00,14.88,15.46,14.86,15.26,16289900.00,15.26,15.46,14.66,14.78,13607300.00,14.80,15.06,14.68,14.78,6395700.00,14.84,15.18,14.78,15.00,8105800.00,15.12,15.60,15.12,15.58,7020100.00,15.30,2021-08-05
14.88,15.46,14.86,15.26,16289900.00,15.26,15.46,14.66,14.78,13607300.00,14.80,15.06,14.68,14.78,6395700.00,14.84,15.18,14.78,15.00,8105800.00,15.12,15.60,15.12,15.58,7020100.00,15.58,15.58,15.10,15.30,4852700.00,15.70,2021-08-06
15.26,15.46,14.66,14.78,13607300.00,14.80,15.06,14.68,14.78,6395700.00,14.84,15.18,14.78,15.00,8105800.00,15.12,15.60,15.12,15.58,7020100.00,15.58,15.58,15.10,15.30,4852700.00,15.34,15.98,15.34,15.70,21234500.00,16.78,2021-08-09
14.80,15.06,14.68,14.78,6395700.00,14.84,15.18,14.78,15.00,8105800.00,15.12,15.60,15.12,15.58,7020100.00,15.58,15.58,15.10,15.30,4852700.00,15.34,15.98,15.34,15.70,21234500.00,15.72,16.96,15.72,16.78,21145800.00,16.92,2021-08-10
14.84,15.18,14.78,15.00,8105800.00,15.12,15.60,15.12,15.58,7020100.00,15.58,15.58,15.10,15.30,4852700.00,15.34,15.98,15.34,15.70,21234500.00,15.72,16.96,15.72,16.78,21145800.00,16.78,16.96,16.52,16.92,32059000.00,17.00,2021-08-11
15.12,15.60,15.12,15.58,7020100.00,15.58,15.58,15.10,15.30,4852700.00,15.34,15.98,15.34,15.70,21234500.00,15.72,16.96,15.72,16.78,21145800.00,16.78,16.96,16.52,16.92,32059000.00,16.96,17.40,16.72,17.00,27392300.00,16.52,2021-08-12
15.58,15.58,15.10,15.30,4852700.00,15.34,15.98,15.34,15.70,21234500.00,15.72,16.96,15.72,16.78,21145800.00,16.78,16.96,16.52,16.92,32059000.00,16.96,17.40,16.72,17.00,27392300.00,16.88,16.90,16.28,16.52,11926900.00,15.54,2021-08-13
15.34,15.98,15.34,15.70,21234500.00,15.72,16.96,15.72,16.78,21145800.00,16.78,16.96,16.52,16.92,32059000.00,16.96,17.40,16.72,17.00,27392300.00,16.88,16.90,16.28,16.52,11926900.00,15.92,16.10,15.40,15.54,29126400.00,15.90,2021-08-16
15.72,16.96,15.72,16.78,21145800.00,16.78,16.96,16.52,16.92,32059000.00,16.96,17.40,16.72,17.00,27392300.00,16.88,16.90,16.28,16.52,11926900.00,15.92,16.10,15.40,15.54,29126400.00,15.40,16.00,15.20,15.90,14681300.00,15.98,2021-08-17
16.78,16.96,16.52,16.92,32059000.00,16.96,17.40,16.72,17.00,27392300.00,16.88,16.90,16.28,16.52,11926900.00,15.92,16.10,15.40,15.54,29126400.00,15.40,16.00,15.20,15.90,14681300.00,15.92,16.20,15.88,15.98,5225600.00,16.04,2021-08-18
16.96,17.40,16.72,17.00,27392300.00,16.88,16.90,16.28,16.52,11926900.00,15.92,16.10,15.40,15.54,29126400.00,15.40,16.00,15.20,15.90,14681300.00,15.92,16.20,15.88,15.98,5225600.00,16.08,16.36,15.90,16.04,7220900.00,16.40,2021-08-19
16.88,16.90,16.28,16.52,11926900.00,15.92,16.10,15.40,15.54,29126400.00,15.40,16.00,15.20,15.90,14681300.00,15.92,16.20,15.88,15.98,5225600.00,16.08,16.36,15.90,16.04,7220900.00,16.04,16.46,16.04,16.40,6602300.00,16.80,2021-08-20
15.92,16.10,15.40,15.54,29126400.00,15.40,16.00,15.20,15.90,14681300.00,15.92,16.20,15.88,15.98,5225600.00,16.08,16.36,15.90,16.04,7220900.00,16.04,16.46,16.04,16.40,6602300.00,16.46,16.86,16.22,16.80,14747500.00,16.76,2021-08-23
15.40,16.00,15.20,15.90,14681300.00,15.92,16.20,15.88,15.98,5225600.00,16.08,16.36,15.90,16.04,7220900.00,16.04,16.46,16.04,16.40,6602300.00,16.46,16.86,16.22,16.80,14747500.00,16.80,16.88,16.54,16.76,5795100.00,16.76,2021-08-24
15.92,16.20,15.88,15.98,5225600.00,16.08,16.36,15.90,16.04,7220900.00,16.04,16.46,16.04,16.40,6602300.00,16.46,16.86,16.22,16.80,14747500.00,16.80,16.88,16.54,16.76,5795100.00,16.76,16.76,16.66,16.76,6265800.00,16.62,2021-08-25
16.08,16.36,15.90,16.04,7220900.00,16.04,16.46,16.04,16.40,6602300.00,16.46,16.86,16.22,16.80,14747500.00,16.80,16.88,16.54,16.76,5795100.00,16.76,16.76,16.66,16.76,6265800.00,16.76,16.76,16.58,16.62,5216000.00,16.30,2021-08-26
16.04,16.46,16.04,16.40,6602300.00,16.46,16.86,16.22,16.80,14747500.00,16.80,16.88,16.54,16.76,5795100.00,16.76,16.76,16.66,16.76,6265800.00,16.76,16.76,16.58,16.62,5216000.00,16.62,16.68,16.22,16.30,12798800.00,16.74,2021-08-27
16.46,16.86,16.22,16.80,14747500.00,16.80,16.88,16.54,16.76,5795100.00,16.76,16.76,16.66,16.76,6265800.00,16.76,16.76,16.58,16.62,5216000.00,16.62,16.68,16.22,16.30,12798800.00,16.34,16.88,16.34,16.74,7161300.00,16.84,2021-08-31
16.80,16.88,16.54,16.76,5795100.00,16.76,16.76,16.66,16.76,6265800.00,16.76,16.76,16.58,16.62,5216000.00,16.62,16.68,16.22,16.30,12798800.00,16.34,16.88,16.34,16.74,7161300.00,16.74,16.96,16.70,16.84,11067100.00,16.60,2021-09-01
16.76,16.76,16.66,16.76,6265800.00,16.76,16.76,16.58,16.62,5216000.00,16.62,16.68,16.22,16.30,12798800.00,16.34,16.88,16.34,16.74,7161300.00,16.74,16.96,16.70,16.84,11067100.00,16.84,16.96,16.44,16.60,10757400.00,16.50,2021-09-02
16.76,16.76,16.58,16.62,5216000.00,16.62,16.68,16.22,16.30,12798800.00,16.34,16.88,16.34,16.74,7161300.00,16.74,16.96,16.70,16.84,11067100.00,16.84,16.96,16.44,16.60,10757400.00,16.60,16.60,16.38,16.50,15930900.00,16.70,2021-09-03
16.62,16.68,16.22,16.30,12798800.00,16.34,16.88,16.34,16.74,7161300.00,16.74,16.96,16.70,16.84,11067100.00,16.84,16.96,16.44,16.60,10757400.00,16.60,16.60,16.38,16.50,15930900.00,16.76,16.76,16.50,16.70,7266400.00,16.72,2021-09-06
16.34,16.88,16.34,16.74,7161300.00,16.74,16.96,16.70,16.84,11067100.00,16.84,16.96,16.44,16.60,10757400.00,16.60,16.60,16.38,16.50,15930900.00,16.76,16.76,16.50,16.70,7266400.00,16.70,16.96,16.68,16.72,6367400.00,17.68,2021-09-07
16.74,16.96,16.70,16.84,11067100.00,16.84,16.96,16.44,16.60,10757400.00,16.60,16.60,16.38,16.50,15930900.00,16.76,16.76,16.50,16.70,7266400.00,16.70,16.96,16.68,16.72,6367400.00,16.74,17.70,16.74,17.68,37789104.00,17.20,2021-09-08
16.84,16.96,16.44,16.60,10757400.00,16.60,16.60,16.38,16.50,15930900.00,16.76,16.76,16.50,16.70,7266400.00,16.70,16.96,16.68,16.72,6367400.00,16.74,17.70,16.74,17.68,37789104.00,17.50,17.50,17.12,17.20,22209000.00,17.36,2021-09-09
16.60,16.60,16.38,16.50,15930900.00,16.76,16.76,16.50,16.70,7266400.00,16.70,16.96,16.68,16.72,6367400.00,16.74,17.70,16.74,17.68,37789104.00,17.50,17.50,17.12,17.20,22209000.00,17.22,17.46,17.22,17.36,15786600.00,17.48,2021-09-10
16.76,16.76,16.50,16.70,7266400.00,16.70,16.96,16.68,16.72,6367400.00,16.74,17.70,16.74,17.68,37789104.00,17.50,17.50,17.12,17.20,22209000.00,17.22,17.46,17.22,17.36,15786600.00,17.38,17.68,17.36,17.48,11987400.00,17.58,2021-09-13
16.70,16.96,16.68,16.72,6367400.00,16.74,17.70,16.74,17.68,37789104.00,17.50,17.50,17.12,17.20,22209000.00,17.22,17.46,17.22,17.36,15786600.00,17.38,17.68,17.36,17.48,11987400.00,17.46,17.86,17.40,17.58,12453100.00,18.26,2021-09-14
16.74,17.70,16.74,17.68,37789104.00,17.50,17.50,17.12,17.20,22209000.00,17.22,17.46,17.22,17.36,15786600.00,17.38,17.68,17.36,17.48,11987400.00,17.46,17.86,17.40,17.58,12453100.00,17.66,18.26,17.58,18.26,29259900.00,19.00,2021-09-15
17.50,17.50,17.12,17.20,22209000.00,17.22,17.46,17.22,17.36,15786600.00,17.38,17.68,17.36,17.48,11987400.00,17.46,17.86,17.40,17.58,12453100.00,17.66,18.26,17.58,18.26,29259900.00,18.30,19.00,18.26,19.00,29010700.00,18.96,2021-09-16
17.22,17.46,17.22,17.36,15786600.00,17.38,17.68,17.36,17.48,11987400.00,17.46,17.86,17.40,17.58,12453100.00,17.66,18.26,17.58,18.26,29259900.00,18.30,19.00,18.26,19.00,29010700.00,18.98,19.50,18.84,18.96,35040500.00,19.50,2021-09-17
17.38,17.68,17.36,17.48,11987400.00,17.46,17.86,17.40,17.58,12453100.00,17.66,18.26,17.58,18.26,29259900.00,18.30,19.00,18.26,19.00,29010700.00,18.98,19.50,18.84,18.96,35040500.00,19.00,19.84,18.88,19.50,47457500.00,19.30,2021-09-20
17.46,17.86,17.40,17.58,12453100.00,17.66,18.26,17.58,18.26,29259900.00,18.30,19.00,18.26,19.00,29010700.00,18.98,19.50,18.84,18.96,35040500.00,19.00,19.84,18.88,19.50,47457500.00,19.30,19.70,18.60,19.30,23077800.00,18.94,2021-09-21
17.66,18.26,17.58,18.26,29259900.00,18.30,19.00,18.26,19.00,29010700.00,18.98,19.50,18.84,18.96,35040500.00,19.00,19.84,18.88,19.50,47457500.00,19.30,19.70,18.60,19.30,23077800.00,18.92,19.16,18.76,18.94,23113300.00,19.42,2021-09-22
18.30,19.00,18.26,19.00,29010700.00,18.98,19.50,18.84,18.96,35040500.00,19.00,19.84,18.88,19.50,47457500.00,19.30,19.70,18.60,19.30,23077800.00,18.92,19.16,18.76,18.94,23113300.00,19.10,19.52,19.04,19.42,8998300.00,19.60,2021-09-23
18.98,19.50,18.84,18.96,35040500.00,19.00,19.84,18.88,19.50,47457500.00,19.30,19.70,18.60,19.30,23077800.00,18.92,19.16,18.76,18.94,23113300.00,19.10,19.52,19.04,19.42,8998300.00,19.70,20.00,19.46,19.60,27402100.00,19.92,2021-09-24
19.00,19.84,18.88,19.50,47457500.00,19.30,19.70,18.60,19.30,23077800.00,18.92,19.16,18.76,18.94,23113300.00,19.10,19.52,19.04,19.42,8998300.00,19.70,20.00,19.46,19.60,27402100.00,19.68,20.10,19.68,19.92,33340300.00,20.25,2021-09-27
19.30,19.70,18.60,19.30,23077800.00,18.92,19.16,18.76,18.94,23113300.00,19.10,19.52,19.04,19.42,8998300.00,19.70,20.00,19.46,19.60,27402100.00,19.68,20.10,19.68,19.92,33340300.00,20.00,20.70,19.98,20.25,22916700.00,18.62,2021-09-28
18.92,19.16,18.76,18.94,23113300.00,19.10,19.52,19.04,19.42,8998300.00,19.70,20.00,19.46,19.60,27402100.00,19.68,20.10,19.68,19.92,33340300.00,20.00,20.70,19.98,20.25,22916700.00,19.30,19.34,18.62,18.62,115444496.00,17.82,2021-09-29
19.10,19.52,19.04,19.42,8998300.00,19.70,20.00,19.46,19.60,27402100.00,19.68,20.10,19.68,19.92,33340300.00,20.00,20.70,19.98,20.25,22916700.00,19.30,19.34,18.62,18.62,115444496.00,18.62,18.78,17.54,17.82,98874096.00,18.80,2021-09-30
19.70,20.00,19.46,19.60,27402100.00,19.68,20.10,19.68,19.92,33340300.00,20.00,20.70,19.98,20.25,22916700.00,19.30,19.34,18.62,18.62,115444496.00,18.62,18.78,17.54,17.82,98874096.00,18.10,18.86,18.10,18.80,43793800.00,18.80,2021-10-01
19.68,20.10,19.68,19.92,33340300.00,20.00,20.70,19.98,20.25,22916700.00,19.30,19.34,18.62,18.62,115444496.00,18.62,18.78,17.54,17.82,98874096.00,18.10,18.86,18.10,18.80,43793800.00,18.74,19.10,18.62,18.80,34203200.00,19.06,2021-10-04
20.00,20.70,19.98,20.25,22916700.00,19.30,19.34,18.62,18.62,115444496.00,18.62,18.78,17.54,17.82,98874096.00,18.10,18.86,18.10,18.80,43793800.00,18.74,19.10,18.62,18.80,34203200.00,19.00,19.14,18.76,19.06,14026600.00,18.80,2021-10-05
19.30,19.34,18.62,18.62,115444496.00,18.62,18.78,17.54,17.82,98874096.00,18.10,18.86,18.10,18.80,43793800.00,18.74,19.10,18.62,18.80,34203200.00,19.00,19.14,18.76,19.06,14026600.00,19.00,19.06,18.76,18.80,37192896.00,19.00,2021-10-06
18.62,18.78,17.54,17.82,98874096.00,18.10,18.86,18.10,18.80,43793800.00,18.74,19.10,18.62,18.80,34203200.00,19.00,19.14,18.76,19.06,14026600.00,19.00,19.06,18.76,18.80,37192896.00,18.80,19.14,18.76,19.00,11441700.00,18.50,2021-10-07
18.10,18.86,18.10,18.80,43793800.00,18.74,19.10,18.62,18.80,34203200.00,19.00,19.14,18.76,19.06,14026600.00,19.00,19.06,18.76,18.80,37192896.00,18.80,19.14,18.76,19.00,11441700.00,19.14,19.88,18.30,18.50,41460700.00,18.44,2021-10-08
18.74,19.10,18.62,18.80,34203200.00,19.00,19.14,18.76,19.06,14026600.00,19.00,19.06,18.76,18.80,37192896.00,18.80,19.14,18.76,19.00,11441700.00,19.14,19.88,18.30,18.50,41460700.00,18.62,18.84,18.04,18.44,34130200.00,18.98,2021-10-11
19.00,19.14,18.76,19.06,14026600.00,19.00,19.06,18.76,18.80,37192896.00,18.80,19.14,18.76,19.00,11441700.00,19.14,19.88,18.30,18.50,41460700.00,18.62,18.84,18.04,18.44,34130200.00,18.26,19.02,18.26,18.98,12893600.00,17.70,2021-10-12
19.00,19.06,18.76,18.80,37192896.00,18.80,19.14,18.76,19.00,11441700.00,19.14,19.88,18.30,18.50,41460700.00,18.62,18.84,18.04,18.44,34130200.00,18.26,19.02,18.26,18.98,12893600.00,18.96,18.96,17.62,17.70,49869000.00,17.00,2021-10-13
18.80,19.14,18.76,19.00,11441700.00,19.14,19.88,18.30,18.50,41460700.00,18.62,18.84,18.04,18.44,34130200.00,18.26,19.02,18.26,18.98,12893600.00,18.96,18.96,17.62,17.70,49869000.00,18.00,18.20,16.50,17.00,54519104.00,16.54,2021-10-14
19.14,19.88,18.30,18.50,41460700.00,18.62,18.84,18.04,18.44,34130200.00,18.26,19.02,18.26,18.98,12893600.00,18.96,18.96,17.62,17.70,49869000.00,18.00,18.20,16.50,17.00,54519104.00,17.02,17.34,16.40,16.54,43906896.00,16.38,2021-10-15
18.62,18.84,18.04,18.44,34130200.00,18.26,19.02,18.26,18.98,12893600.00,18.96,18.96,17.62,17.70,49869000.00,18.00,18.20,16.50,17.00,54519104.00,17.02,17.34,16.40,16.54,43906896.00,16.70,16.96,16.12,16.38,61058600.00,15.20,2021-10-18
18.26,19.02,18.26,18.98,12893600.00,18.96,18.96,17.62,17.70,49869000.00,18.00,18.20,16.50,17.00,54519104.00,17.02,17.34,16.40,16.54,43906896.00,16.70,16.96,16.12,16.38,61058600.00,16.36,16.38,15.08,15.20,88249696.00,15.14,2021-10-19
18.96,18.96,17.62,17.70,49869000.00,18.00,18.20,16.50,17.00,54519104.00,17.02,17.34,16.40,16.54,43906896.00,16.70,16.96,16.12,16.38,61058600.00,16.36,16.38,15.08,15.20,88249696.00,15.28,15.98,15.08,15.14,73359504.00,15.52,2021-10-20
18.00,18.20,16.50,17.00,54519104.00,17.02,17.34,16.40,16.54,43906896.00,16.70,16.96,16.12,16.38,61058600.00,16.36,16.38,15.08,15.20,88249696.00,15.28,15.98,15.08,15.14,73359504.00,15.78,15.78,15.32,15.52,51144800.00,16.58,2021-10-21
17.02,17.34,16.40,16.54,43906896.00,16.70,16.96,16.12,16.38,61058600.00,16.36,16.38,15.08,15.20,88249696.00,15.28,15.98,15.08,15.14,73359504.00,15.78,15.78,15.32,15.52,51144800.00,15.76,16.64,15.60,16.58,31870600.00,16.20,2021-10-22
16.70,16.96,16.12,16.38,61058600.00,16.36,16.38,15.08,15.20,88249696.00,15.28,15.98,15.08,15.14,73359504.00,15.78,15.78,15.32,15.52,51144800.00,15.76,16.64,15.60,16.58,31870600.00,16.62,16.72,16.14,16.20,14093800.00,16.24,2021-10-25
16.36,16.38,15.08,15.20,88249696.00,15.28,15.98,15.08,15.14,73359504.00,15.78,15.78,15.32,15.52,51144800.00,15.76,16.64,15.60,16.58,31870600.00,16.62,16.72,16.14,16.20,14093800.00,16.18,16.66,16.00,16.24,9785900.00,16.34,2021-10-26
15.28,15.98,15.08,15.14,73359504.00,15.78,15.78,15.32,15.52,51144800.00,15.76,16.64,15.60,16.58,31870600.00,16.62,16.72,16.14,16.20,14093800.00,16.18,16.66,16.00,16.24,9785900.00,16.38,16.48,16.22,16.34,10540200.00,16.34,2021-10-27
15.78,15.78,15.32,15.52,51144800.00,15.76,16.64,15.60,16.58,31870600.00,16.62,16.72,16.14,16.20,14093800.00,16.18,16.66,16.00,16.24,9785900.00,16.38,16.48,16.22,16.34,10540200.00,16.44,16.64,16.32,16.34,15128500.00,16.40,2021-10-28
15.76,16.64,15.60,16.58,31870600.00,16.62,16.72,16.14,16.20,14093800.00,16.18,16.66,16.00,16.24,9785900.00,16.38,16.48,16.22,16.34,10540200.00,16.44,16.64,16.32,16.34,15128500.00,16.42,16.62,16.36,16.40,10549200.00,16.10,2021-10-29
16.62,16.72,16.14,16.20,14093800.00,16.18,16.66,16.00,16.24,9785900.00,16.38,16.48,16.22,16.34,10540200.00,16.44,16.64,16.32,16.34,15128500.00,16.42,16.62,16.36,16.40,10549200.00,16.40,16.48,16.02,16.10,9373100.00,16.24,2021-11-02
16.18,16.66,16.00,16.24,9785900.00,16.38,16.48,16.22,16.34,10540200.00,16.44,16.64,16.32,16.34,15128500.00,16.42,16.62,16.36,16.40,10549200.00,16.40,16.48,16.02,16.10,9373100.00,16.24,16.52,16.04,16.24,11726500.00,16.18,2021-11-03
16.38,16.48,16.22,16.34,10540200.00,16.44,16.64,16.32,16.34,15128500.00,16.42,16.62,16.36,16.40,10549200.00,16.40,16.48,16.02,16.10,9373100.00,16.24,16.52,16.04,16.24,11726500.00,16.24,16.56,16.18,16.18,13630300.00,16.26,2021-11-04
16.44,16.64,16.32,16.34,15128500.00,16.42,16.62,16.36,16.40,10549200.00,16.40,16.48,16.02,16.10,9373100.00,16.24,16.52,16.04,16.24,11726500.00,16.24,16.56,16.18,16.18,13630300.00,16.20,16.34,16.16,16.26,8648200.00,16.44,2021-11-05
16.42,16.62,16.36,16.40,10549200.00,16.40,16.48,16.02,16.10,9373100.00,16.24,16.52,16.04,16.24,11726500.00,16.24,16.56,16.18,16.18,13630300.00,16.20,16.34,16.16,16.26,8648200.00,16.30,16.48,16.30,16.44,13142300.00,16.42,2021-11-08
16.40,16.48,16.02,16.10,9373100.00,16.24,16.52,16.04,16.24,11726500.00,16.24,16.56,16.18,16.18,13630300.00,16.20,16.34,16.16,16.26,8648200.00,16.30,16.48,16.30,16.44,13142300.00,16.36,16.48,16.36,16.42,12181300.00,16.88,2021-11-09
16.24,16.52,16.04,16.24,11726500.00,16.24,16.56,16.18,16.18,13630300.00,16.20,16.34,16.16,16.26,8648200.00,16.30,16.48,16.30,16.44,13142300.00,16.36,16.48,16.36,16.42,12181300.00,16.42,16.96,16.40,16.88,38757800.00,16.88,2021-11-10
16.24,16.56,16.18,16.18,13630300.00,16.20,16.34,16.16,16.26,8648200.00,16.30,16.48,16.30,16.44,13142300.00,16.36,16.48,16.36,16.42,12181300.00,16.42,16.96,16.40,16.88,38757800.00,17.00,17.28,16.82,16.88,24522100.00,16.60,2021-11-11
16.20,16.34,16.16,16.26,8648200.00,16.30,16.48,16.30,16.44,13142300.00,16.36,16.48,16.36,16.42,12181300.00,16.42,16.96,16.40,16.88,38757800.00,17.00,17.28,16.82,16.88,24522100.00,17.10,17.18,16.50,16.60,24443900.00,16.96,2021-11-12
16.30,16.48,16.30,16.44,13142300.00,16.36,16.48,16.36,16.42,12181300.00,16.42,16.96,16.40,16.88,38757800.00,17.00,17.28,16.82,16.88,24522100.00,17.10,17.18,16.50,16.60,24443900.00,17.60,17.80,16.64,16.96,119376600.00,17.38,2021-11-15
16.36,16.48,16.36,16.42,12181300.00,16.42,16.96,16.40,16.88,38757800.00,17.00,17.28,16.82,16.88,24522100.00,17.10,17.18,16.50,16.60,24443900.00,17.60,17.80,16.64,16.96,119376600.00,17.20,17.60,17.12,17.38,56462600.00,17.64,2021-11-16
16.42,16.96,16.40,16.88,38757800.00,17.00,17.28,16.82,16.88,24522100.00,17.10,17.18,16.50,16.60,24443900.00,17.60,17.80,16.64,16.96,119376600.00,17.20,17.60,17.12,17.38,56462600.00,17.48,17.76,17.40,17.64,48287500.00,18.12,2021-11-17
17.00,17.28,16.82,16.88,24522100.00,17.10,17.18,16.50,16.60,24443900.00,17.60,17.80,16.64,16.96,119376600.00,17.20,17.60,17.12,17.38,56462600.00,17.48,17.76,17.40,17.64,48287500.00,17.74,18.18,17.70,18.12,55010104.00,17.84,2021-11-18
17.10,17.18,16.50,16.60,24443900.00,17.60,17.80,16.64,16.96,119376600.00,17.20,17.60,17.12,17.38,56462600.00,17.48,17.76,17.40,17.64,48287500.00,17.74,18.18,17.70,18.12,55010104.00,18.20,18.20,17.36,17.84,46521600.00,18.08,2021-11-19
17.60,17.80,16.64,16.96,119376600.00,17.20,17.60,17.12,17.38,56462600.00,17.48,17.76,17.40,17.64,48287500.00,17.74,18.18,17.70,18.12,55010104.00,18.20,18.20,17.36,17.84,46521600.00,17.96,18.12,17.60,18.08,33751700.00,18.62,2021-11-22
17.20,17.60,17.12,17.38,56462600.00,17.48,17.76,17.40,17.64,48287500.00,17.74,18.18,17.70,18.12,55010104.00,18.20,18.20,17.36,17.84,46521600.00,17.96,18.12,17.60,18.08,33751700.00,18.20,18.68,18.14,18.62,70329400.00,18.98,2021-11-23
17.48,17.76,17.40,17.64,48287500.00,17.74,18.18,17.70,18.12,55010104.00,18.20,18.20,17.36,17.84,46521600.00,17.96,18.12,17.60,18.08,33751700.00,18.20,18.68,18.14,18.62,70329400.00,18.70,19.10,18.62,18.98,66412000.00,18.02,2021-11-24
17.74,18.18,17.70,18.12,55010104.00,18.20,18.20,17.36,17.84,46521600.00,17.96,18.12,17.60,18.08,33751700.00,18.20,18.68,18.14,18.62,70329400.00,18.70,19.10,18.62,18.98,66412000.00,19.00,19.02,17.92,18.02,100485904.00,17.88,2021-11-25
18.20,18.20,17.36,17.84,46521600.00,17.96,18.12,17.60,18.08,33751700.00,18.20,18.68,18.14,18.62,70329400.00,18.70,19.10,18.62,18.98,66412000.00,19.00,19.02,17.92,18.02,100485904.00,17.90,18.08,17.42,17.88,77049296.00,17.60,2021-11-26
17.96,18.12,17.60,18.08,33751700.00,18.20,18.68,18.14,18.62,70329400.00,18.70,19.10,18.62,18.98,66412000.00,19.00,19.02,17.92,18.02,100485904.00,17.90,18.08,17.42,17.88,77049296.00,18.06,18.34,17.60,17.60,73281400.00,17.02,2021-11-29
18.20,18.68,18.14,18.62,70329400.00,18.70,19.10,18.62,18.98,66412000.00,19.00,19.02,17.92,18.02,100485904.00,17.90,18.08,17.42,17.88,77049296.00,18.06,18.34,17.60,17.60,73281400.00,17.00,17.78,16.72,17.02,329857888.00,17.00,2021-12-01
18.70,19.10,18.62,18.98,66412000.00,19.00,19.02,17.92,18.02,100485904.00,17.90,18.08,17.42,17.88,77049296.00,18.06,18.34,17.60,17.60,73281400.00,17.00,17.78,16.72,17.02,329857888.00,17.64,17.64,16.90,17.00,59525000.00,16.76,2021-12-02
19.00,19.02,17.92,18.02,100485904.00,17.90,18.08,17.42,17.88,77049296.00,18.06,18.34,17.60,17.60,73281400.00,17.00,17.78,16.72,17.02,329857888.00,17.64,17.64,16.90,17.00,59525000.00,16.88,16.94,16.56,16.76,38840300.00,16.72,2021-12-03
17.90,18.08,17.42,17.88,77049296.00,18.06,18.34,17.60,17.60,73281400.00,17.00,17.78,16.72,17.02,329857888.00,17.64,17.64,16.90,17.00,59525000.00,16.88,16.94,16.56,16.76,38840300.00,16.94,16.96,16.62,16.72,36413700.00,16.50,2021-12-06
18.06,18.34,17.60,17.60,73281400.00,17.00,17.78,16.72,17.02,329857888.00,17.64,17.64,16.90,17.00,59525000.00,16.88,16.94,16.56,16.76,38840300.00,16.94,16.96,16.62,16.72,36413700.00,16.78,16.94,16.50,16.50,13654200.00,15.80,2021-12-07
17.00,17.78,16.72,17.02,329857888.00,17.64,17.64,16.90,17.00,59525000.00,16.88,16.94,16.56,16.76,38840300.00,16.94,16.96,16.62,16.72,36413700.00,16.78,16.94,16.50,16.50,13654200.00,16.54,16.60,15.74,15.80,46155200.00,15.96,2021-12-09
17.64,17.64,16.90,17.00,59525000.00,16.88,16.94,16.56,16.76,38840300.00,16.94,16.96,16.62,16.72,36413700.00,16.78,16.94,16.50,16.50,13654200.00,16.54,16.60,15.74,15.80,46155200.00,15.86,16.18,15.84,15.96,20429300.00,16.00,2021-12-10
16.88,16.94,16.56,16.76,38840300.00,16.94,16.96,16.62,16.72,36413700.00,16.78,16.94,16.50,16.50,13654200.00,16.54,16.60,15.74,15.80,46155200.00,15.86,16.18,15.84,15.96,20429300.00,16.10,16.10,15.90,16.00,20271200.00,16.12,2021-12-13
16.94,16.96,16.62,16.72,36413700.00,16.78,16.94,16.50,16.50,13654200.00,16.54,16.60,15.74,15.80,46155200.00,15.86,16.18,15.84,15.96,20429300.00,16.10,16.10,15.90,16.00,20271200.00,16.14,16.32,16.00,16.12,56205896.00,16.10,2021-12-14
16.78,16.94,16.50,16.50,13654200.00,16.54,16.60,15.74,15.80,46155200.00,15.86,16.18,15.84,15.96,20429300.00,16.10,16.10,15.90,16.00,20271200.00,16.14,16.32,16.00,16.12,56205896.00,16.28,16.34,16.08,16.10,53353300.00,15.60,2021-12-15
16.54,16.60,15.74,15.80,46155200.00,15.86,16.18,15.84,15.96,20429300.00,16.10,16.10,15.90,16.00,20271200.00,16.14,16.32,16.00,16.12,56205896.00,16.28,16.34,16.08,16.10,53353300.00,16.10,16.28,15.60,15.60,60245104.00,16.00,2021-12-16
15.86,16.18,15.84,15.96,20429300.00,16.10,16.10,15.90,16.00,20271200.00,16.14,16.32,16.00,16.12,56205896.00,16.28,16.34,16.08,16.10,53353300.00,16.10,16.28,15.60,15.60,60245104.00,15.64,16.04,15.64,16.00,23169700.00,15.32,2021-12-17
16.10,16.10,15.90,16.00,20271200.00,16.14,16.32,16.00,16.12,56205896.00,16.28,16.34,16.08,16.10,53353300.00,16.10,16.28,15.60,15.60,60245104.00,15.64,16.04,15.64,16.00,23169700.00,15.94,16.00,15.32,15.32,287555808.00,15.90,2021-12-20
16.14,16.32,16.00,16.12,56205896.00,16.28,16.34,16.08,16.10,53353300.00,16.10,16.28,15.60,15.60,60245104.00,15.64,16.04,15.64,16.00,23169700.00,15.94,16.00,15.32,15.32,287555808.00,15.54,15.94,15.34,15.90,14802300.00,15.84,2021-12-21
16.28,16.34,16.08,16.10,53353300.00,16.10,16.28,15.60,15.60,60245104.00,15.64,16.04,15.64,16.00,23169700.00,15.94,16.00,15.32,15.32,287555808.00,15.54,15.94,15.34,15.90,14802300.00,15.88,15.90,15.62,15.84,5770300.00,15.90,2021-12-22
16.10,16.28,15.60,15.60,60245104.00,15.64,16.04,15.64,16.00,23169700.00,15.94,16.00,15.32,15.32,287555808.00,15.54,15.94,15.34,15.90,14802300.00,15.88,15.90,15.62,15.84,5770300.00,15.84,16.02,15.70,15.90,12133200.00,15.98,2021-12-23
15.64,16.04,15.64,16.00,23169700.00,15.94,16.00,15.32,15.32,287555808.00,15.54,15.94,15.34,15.90,14802300.00,15.88,15.90,15.62,15.84,5770300.00,15.84,16.02,15.70,15.90,12133200.00,15.98,16.18,15.94,15.98,13380300.00,15.86,2021-12-24
15.94,16.00,15.32,15.32,287555808.00,15.54,15.94,15.34,15.90,14802300.00,15.88,15.90,15.62,15.84,5770300.00,15.84,16.02,15.70,15.90,12133200.00,15.98,16.18,15.94,15.98,13380300.00,16.00,16.10,15.86,15.86,3645300.00,15.82,2021-12-27
15.54,15.94,15.34,15.90,14802300.00,15.88,15.90,15.62,15.84,5770300.00,15.84,16.02,15.70,15.90,12133200.00,15.98,16.18,15.94,15.98,13380300.00,16.00,16.10,15.86,15.86,3645300.00,15.84,16.00,15.74,15.82,3533100.00,15.60,2021-12-28
15.88,15.90,15.62,15.84,5770300.00,15.84,16.02,15.70,15.90,12133200.00,15.98,16.18,15.94,15.98,13380300.00,16.00,16.10,15.86,15.86,3645300.00,15.84,16.00,15.74,15.82,3533100.00,15.84,15.86,15.40,15.60,11281900.00,15.60,2021-12-29
15.84,16.02,15.70,15.90,12133200.00,15.98,16.18,15.94,15.98,13380300.00,16.00,16.10,15.86,15.86,3645300.00,15.84,16.00,15.74,15.82,3533100.00,15.84,15.86,15.40,15.60,11281900.00,15.60,15.68,15.46,15.60,4735300.00,16.20,2021-12-31
15.98,16.18,15.94,15.98,13380300.00,16.00,16.10,15.86,15.86,3645300.00,15.84,16.00,15.74,15.82,3533100.00,15.84,15.86,15.40,15.60,11281900.00,15.60,15.68,15.46,15.60,4735300.00,15.58,16.20,15.46,16.20,13375400.00,15.70,2022-01-03
16.00,16.10,15.86,15.86,3645300.00,15.84,16.00,15.74,15.82,3533100.00,15.84,15.86,15.40,15.60,11281900.00,15.60,15.68,15.46,15.60,4735300.00,15.58,16.20,15.46,16.20,13375400.00,15.82,15.96,15.64,15.70,3268200.00,16.00,2022-01-05
15.84,16.00,15.74,15.82,3533100.00,15.84,15.86,15.40,15.60,11281900.00,15.60,15.68,15.46,15.60,4735300.00,15.58,16.20,15.46,16.20,13375400.00,15.82,15.96,15.64,15.70,3268200.00,15.98,16.00,15.76,16.00,13240300.00,16.22,2022-01-06
15.84,15.86,15.40,15.60,11281900.00,15.60,15.68,15.46,15.60,4735300.00,15.58,16.20,15.46,16.20,13375400.00,15.82,15.96,15.64,15.70,3268200.00,15.98,16.00,15.76,16.00,13240300.00,15.96,16.26,15.88,16.22,11198000.00,16.00,2022-01-07
15.60,15.68,15.46,15.60,4735300.00,15.58,16.20,15.46,16.20,13375400.00,15.82,15.96,15.64,15.70,3268200.00,15.98,16.00,15.76,16.00,13240300.00,15.96,16.26,15.88,16.22,11198000.00,16.22,16.26,15.82,16.00,17097800.00,15.92,2022-01-10
15.58,16.20,15.46,16.20,13375400.00,15.82,15.96,15.64,15.70,3268200.00,15.98,16.00,15.76,16.00,13240300.00,15.96,16.26,15.88,16.22,11198000.00,16.22,16.26,15.82,16.00,17097800.00,16.00,16.14,15.92,15.92,9503000.00,15.68,2022-01-11
15.82,15.96,15.64,15.70,3268200.00,15.98,16.00,15.76,16.00,13240300.00,15.96,16.26,15.88,16.22,11198000.00,16.22,16.26,15.82,16.00,17097800.00,16.00,16.14,15.92,15.92,9503000.00,15.94,16.02,15.64,15.68,15707200.00,15.90,2022-01-12
15.98,16.00,15.76,16.00,13240300.00,15.96,16.26,15.88,16.22,11198000.00,16.22,16.26,15.82,16.00,17097800.00,16.00,16.14,15.92,15.92,9503000.00,15.94,16.02,15.64,15.68,15707200.00,15.78,16.04,15.70,15.90,5300900.00,16.58,2022-01-13
15.96,16.26,15.88,16.22,11198000.00,16.22,16.26,15.82,16.00,17097800.00,16.00,16.14,15.92,15.92,9503000.00,15.94,16.02,15.64,15.68,15707200.00,15.78,16.04,15.70,15.90,5300900.00,16.00,16.72,15.98,16.58,27016000.00,17.18,2022-01-14
16.22,16.26,15.82,16.00,17097800.00,16.00,16.14,15.92,15.92,9503000.00,15.94,16.02,15.64,15.68,15707200.00,15.78,16.04,15.70,15.90,5300900.00,16.00,16.72,15.98,16.58,27016000.00,16.70,17.18,16.58,17.18,15871900.00,17.24,2022-01-17
16.00,16.14,15.92,15.92,9503000.00,15.94,16.02,15.64,15.68,15707200.00,15.78,16.04,15.70,15.90,5300900.00,16.00,16.72,15.98,16.58,27016000.00,16.70,17.18,16.58,17.18,15871900.00,17.02,17.42,16.98,17.24,16413500.00,16.70,2022-01-18
15.94,16.02,15.64,15.68,15707200.00,15.78,16.04,15.70,15.90,5300900.00,16.00,16.72,15.98,16.58,27016000.00,16.70,17.18,16.58,17.18,15871900.00,17.02,17.42,16.98,17.24,16413500.00,17.14,17.22,16.70,16.70,12020900.00,16.58,2022-01-19
15.78,16.04,15.70,15.90,5300900.00,16.00,16.72,15.98,16.58,27016000.00,16.70,17.18,16.58,17.18,15871900.00,17.02,17.42,16.98,17.24,16413500.00,17.14,17.22,16.70,16.70,12020900.00,16.70,16.70,16.42,16.58,14146700.00,16.24,2022-01-20
16.00,16.72,15.98,16.58,27016000.00,16.70,17.18,16.58,17.18,15871900.00,17.02,17.42,16.98,17.24,16413500.00,17.14,17.22,16.70,16.70,12020900.00,16.70,16.70,16.42,16.58,14146700.00,16.24,16.80,16.22,16.24,13120200.00,16.50,2022-01-21
16.70,17.18,16.58,17.18,15871900.00,17.02,17.42,16.98,17.24,16413500.00,17.14,17.22,16.70,16.70,12020900.00,16.70,16.70,16.42,16.58,14146700.00,16.24,16.80,16.22,16.24,13120200.00,16.30,16.66,16.30,16.50,13188400.00,16.64,2022-01-24
17.02,17.42,16.98,17.24,16413500.00,17.14,17.22,16.70,16.70,12020900.00,16.70,16.70,16.42,16.58,14146700.00,16.24,16.80,16.22,16.24,13120200.00,16.30,16.66,16.30,16.50,13188400.00,16.78,16.80,16.42,16.64,17395400.00,16.80,2022-01-25
17.14,17.22,16.70,16.70,12020900.00,16.70,16.70,16.42,16.58,14146700.00,16.24,16.80,16.22,16.24,13120200.00,16.30,16.66,16.30,16.50,13188400.00,16.78,16.80,16.42,16.64,17395400.00,16.66,16.80,16.60,16.80,15133200.00,16.74,2022-01-26
16.70,16.70,16.42,16.58,14146700.00,16.24,16.80,16.22,16.24,13120200.00,16.30,16.66,16.30,16.50,13188400.00,16.78,16.80,16.42,16.64,17395400.00,16.66,16.80,16.60,16.80,15133200.00,16.82,16.96,16.72,16.74,6946200.00,16.68,2022-01-27
16.24,16.80,16.22,16.24,13120200.00,16.30,16.66,16.30,16.50,13188400.00,16.78,16.80,16.42,16.64,17395400.00,16.66,16.80,16.60,16.80,15133200.00,16.82,16.96,16.72,16.74,6946200.00,16.80,16.90,16.66,16.68,8313300.00,16.26,2022-01-28
16.30,16.66,16.30,16.50,13188400.00,16.78,16.80,16.42,16.64,17395400.00,16.66,16.80,16.60,16.80,15133200.00,16.82,16.96,16.72,16.74,6946200.00,16.80,16.90,16.66,16.68,8313300.00,16.70,16.86,16.26,16.26,13459700.00,16.38,2022-01-31
16.78,16.80,16.42,16.64,17395400.00,16.66,16.80,16.60,16.80,15133200.00,16.82,16.96,16.72,16.74,6946200.00,16.80,16.90,16.66,16.68,8313300.00,16.70,16.86,16.26,16.26,13459700.00,16.26,16.48,16.26,16.38,20138800.00,16.56,2022-02-02
16.66,16.80,16.60,16.80,15133200.00,16.82,16.96,16.72,16.74,6946200.00,16.80,16.90,16.66,16.68,8313300.00,16.70,16.86,16.26,16.26,13459700.00,16.26,16.48,16.26,16.38,20138800.00,16.50,16.80,16.44,16.56,14048800.00,16.00,2022-02-03
16.82,16.96,16.72,16.74,6946200.00,16.80,16.90,16.66,16.68,8313300.00,16.70,16.86,16.26,16.26,13459700.00,16.26,16.48,16.26,16.38,20138800.00,16.50,16.80,16.44,16.56,14048800.00,16.54,16.54,16.00,16.00,18174100.00,16.06,2022-02-04
16.80,16.90,16.66,16.68,8313300.00,16.70,16.86,16.26,16.26,13459700.00,16.26,16.48,16.26,16.38,20138800.00,16.50,16.80,16.44,16.56,14048800.00,16.54,16.54,16.00,16.00,18174100.00,16.00,16.08,15.64,16.06,18802900.00,15.60,2022-02-07
16.70,16.86,16.26,16.26,13459700.00,16.26,16.48,16.26,16.38,20138800.00,16.50,16.80,16.44,16.56,14048800.00,16.54,16.54,16.00,16.00,18174100.00,16.00,16.08,15.64,16.06,18802900.00,16.38,16.40,15.54,15.60,46473000.00,15.74,2022-02-08
16.26,16.48,16.26,16.38,20138800.00,16.50,16.80,16.44,16.56,14048800.00,16.54,16.54,16.00,16.00,18174100.00,16.00,16.08,15.64,16.06,18802900.00,16.38,16.40,15.54,15.60,46473000.00,15.82,15.92,15.60,15.74,24060300.00,16.26,2022-02-09
16.50,16.80,16.44,16.56,14048800.00,16.54,16.54,16.00,16.00,18174100.00,16.00,16.08,15.64,16.06,18802900.00,16.38,16.40,15.54,15.60,46473000.00,15.82,15.92,15.60,15.74,24060300.00,15.80,16.46,15.78,16.26,31753600.00,16.20,2022-02-10
16.54,16.54,16.00,16.00,18174100.00,16.00,16.08,15.64,16.06,18802900.00,16.38,16.40,15.54,15.60,46473000.00,15.82,15.92,15.60,15.74,24060300.00,15.80,16.46,15.78,16.26,31753600.00,16.24,16.26,15.72,16.20,41869104.00,18.16,2022-02-11
16.00,16.08,15.64,16.06,18802900.00,16.38,16.40,15.54,15.60,46473000.00,15.82,15.92,15.60,15.74,24060300.00,15.80,16.46,15.78,16.26,31753600.00,16.24,16.26,15.72,16.20,41869104.00,16.22,18.16,16.00,18.16,283141696.00,17.00,2022-02-14
16.38,16.40,15.54,15.60,46473000.00,15.82,15.92,15.60,15.74,24060300.00,15.80,16.46,15.78,16.26,31753600.00,16.24,16.26,15.72,16.20,41869104.00,16.22,18.16,16.00,18.16,283141696.00,16.36,17.00,16.34,17.00,72260496.00,16.50,2022-02-15
15.82,15.92,15.60,15.74,24060300.00,15.80,16.46,15.78,16.26,31753600.00,16.24,16.26,15.72,16.20,41869104.00,16.22,18.16,16.00,18.16,283141696.00,16.36,17.00,16.34,17.00,72260496.00,16.90,16.90,16.14,16.50,15645000.00,16.92,2022-02-16
15.80,16.46,15.78,16.26,31753600.00,16.24,16.26,15.72,16.20,41869104.00,16.22,18.16,16.00,18.16,283141696.00,16.36,17.00,16.34,17.00,72260496.00,16.90,16.90,16.14,16.50,15645000.00,16.70,16.98,16.42,16.92,18613700.00,16.50,2022-02-17
16.24,16.26,15.72,16.20,41869104.00,16.22,18.16,16.00,18.16,283141696.00,16.36,17.00,16.34,17.00,72260496.00,16.90,16.90,16.14,16.50,15645000.00,16.70,16.98,16.42,16.92,18613700.00,16.92,16.92,16.50,16.50,6877000.00,16.06,2022-02-18
16.22,18.16,16.00,18.16,283141696.00,16.36,17.00,16.34,17.00,72260496.00,16.90,16.90,16.14,16.50,15645000.00,16.70,16.98,16.42,16.92,18613700.00,16.92,16.92,16.50,16.50,6877000.00,16.50,16.50,16.06,16.06,7429100.00,15.52,2022-02-21
16.36,17.00,16.34,17.00,72260496.00,16.90,16.90,16.14,16.50,15645000.00,16.70,16.98,16.42,16.92,18613700.00,16.92,16.92,16.50,16.50,6877000.00,16.50,16.50,16.06,16.06,7429100.00,16.10,16.24,15.52,15.52,18641100.00,15.48,2022-02-22
16.90,16.90,16.14,16.50,15645000.00,16.70,16.98,16.42,16.92,18613700.00,16.92,16.92,16.50,16.50,6877000.00,16.50,16.50,16.06,16.06,7429100.00,16.10,16.24,15.52,15.52,18641100.00,15.52,15.80,15.44,15.48,11502500.00,15.80,2022-02-23
16.70,16.98,16.42,16.92,18613700.00,16.92,16.92,16.50,16.50,6877000.00,16.50,16.50,16.06,16.06,7429100.00,16.10,16.24,15.52,15.52,18641100.00,15.52,15.80,15.44,15.48,11502500.00,15.50,15.80,15.20,15.80,13539100.00,14.80,2022-02-24
16.92,16.92,16.50,16.50,6877000.00,16.50,16.50,16.06,16.06,7429100.00,16.10,16.24,15.52,15.52,18641100.00,15.52,15.80,15.44,15.48,11502500.00,15.50,15.80,15.20,15.80,13539100.00,15.80,15.84,14.80,14.80,19719800.00,16.52,2022-02-28
16.50,16.50,16.06,16.06,7429100.00,16.10,16.24,15.52,15.52,18641100.00,15.52,15.80,15.44,15.48,11502500.00,15.50,15.80,15.20,15.80,13539100.00,15.80,15.84,14.80,14.80,19719800.00,14.90,16.52,14.90,16.52,28305200.00,15.70,2022-03-01
16.10,16.24,15.52,15.52,18641100.00,15.52,15.80,15.44,15.48,11502500.00,15.50,15.80,15.20,15.80,13539100.00,15.80,15.84,14.80,14.80,19719800.00,14.90,16.52,14.90,16.52,28305200.00,15.74,15.88,15.60,15.70,15667300.00,15.14,2022-03-02
15.52,15.80,15.44,15.48,11502500.00,15.50,15.80,15.20,15.80,13539100.00,15.80,15.84,14.80,14.80,19719800.00,14.90,16.52,14.90,16.52,28305200.00,15.74,15.88,15.60,15.70,15667300.00,15.68,15.68,15.14,15.14,9306400.00,14.84,2022-03-03
15.50,15.80,15.20,15.80,13539100.00,15.80,15.84,14.80,14.80,19719800.00,14.90,16.52,14.90,16.52,28305200.00,15.74,15.88,15.60,15.70,15667300.00,15.68,15.68,15.14,15.14,9306400.00,15.40,15.50,14.84,14.84,15189600.00,14.76,2022-03-04
15.80,15.84,14.80,14.80,19719800.00,14.90,16.52,14.90,16.52,28305200.00,15.74,15.88,15.60,15.70,15667300.00,15.68,15.68,15.14,15.14,9306400.00,15.40,15.50,14.84,14.84,15189600.00,14.92,15.00,14.70,14.76,17246300.00,14.48,2022-03-07
14.90,16.52,14.90,16.52,28305200.00,15.74,15.88,15.60,15.70,15667300.00,15.68,15.68,15.14,15.14,9306400.00,15.40,15.50,14.84,14.84,15189600.00,14.92,15.00,14.70,14.76,17246300.00,14.74,14.74,14.36,14.48,10473100.00,13.80,2022-03-08
15.74,15.88,15.60,15.70,15667300.00,15.68,15.68,15.14,15.14,9306400.00,15.40,15.50,14.84,14.84,15189600.00,14.92,15.00,14.70,14.76,17246300.00,14.74,14.74,14.36,14.48,10473100.00,14.40,14.40,13.80,13.80,13021000.00,13.50,2022-03-09
15.68,15.68,15.14,15.14,9306400.00,15.40,15.50,14.84,14.84,15189600.00,14.92,15.00,14.70,14.76,17246300.00,14.74,14.74,14.36,14.48,10473100.00,14.40,14.40,13.80,13.80,13021000.00,13.80,14.18,13.50,13.50,9164600.00,14.30,2022-03-10
15.40,15.50,14.84,14.84,15189600.00,14.92,15.00,14.70,14.76,17246300.00,14.74,14.74,14.36,14.48,10473100.00,14.40,14.40,13.80,13.80,13021000.00,13.80,14.18,13.50,13.50,9164600.00,14.16,14.66,13.76,14.30,9884000.00,14.70,2022-03-11
14.92,15.00,14.70,14.76,17246300.00,14.74,14.74,14.36,14.48,10473100.00,14.40,14.40,13.80,13.80,13021000.00,13.80,14.18,13.50,13.50,9164600.00,14.16,14.66,13.76,14.30,9884000.00,14.30,14.70,14.24,14.70,4360800.00,14.40,2022-03-14
14.74,14.74,14.36,14.48,10473100.00,14.40,14.40,13.80,13.80,13021000.00,13.80,14.18,13.50,13.50,9164600.00,14.16,14.66,13.76,14.30,9884000.00,14.30,14.70,14.24,14.70,4360800.00,14.68,14.68,13.90,14.40,6256300.00,15.50,2022-03-15
14.40,14.40,13.80,13.80,13021000.00,13.80,14.18,13.50,13.50,9164600.00,14.16,14.66,13.76,14.30,9884000.00,14.30,14.70,14.24,14.70,4360800.00,14.68,14.68,13.90,14.40,6256300.00,14.30,15.50,13.80,15.50,12965800.00,15.40,2022-03-16
13.80,14.18,13.50,13.50,9164600.00,14.16,14.66,13.76,14.30,9884000.00,14.30,14.70,14.24,14.70,4360800.00,14.68,14.68,13.90,14.40,6256300.00,14.30,15.50,13.80,15.50,12965800.00,15.44,15.44,14.70,15.40,8255600.00,15.08,2022-03-17
14.16,14.66,13.76,14.30,9884000.00,14.30,14.70,14.24,14.70,4360800.00,14.68,14.68,13.90,14.40,6256300.00,14.30,15.50,13.80,15.50,12965800.00,15.44,15.44,14.70,15.40,8255600.00,15.10,15.48,15.04,15.08,8333900.00,14.34,2022-03-18
14.30,14.70,14.24,14.70,4360800.00,14.68,14.68,13.90,14.40,6256300.00,14.30,15.50,13.80,15.50,12965800.00,15.44,15.44,14.70,15.40,8255600.00,15.10,15.48,15.04,15.08,8333900.00,15.20,15.34,14.22,14.34,69261000.00,13.70,2022-03-21
14.68,14.68,13.90,14.40,6256300.00,14.30,15.50,13.80,15.50,12965800.00,15.44,15.44,14.70,15.40,8255600.00,15.10,15.48,15.04,15.08,8333900.00,15.20,15.34,14.22,14.34,69261000.00,14.30,14.34,13.68,13.70,20233800.00,13.48,2022-03-22
14.30,15.50,13.80,15.50,12965800.00,15.44,15.44,14.70,15.40,8255600.00,15.10,15.48,15.04,15.08,8333900.00,15.20,15.34,14.22,14.34,69261000.00,14.30,14.34,13.68,13.70,20233800.00,13.90,13.98,13.42,13.48,23296400.00,13.42,2022-03-23
15.44,15.44,14.70,15.40,8255600.00,15.10,15.48,15.04,15.08,8333900.00,15.20,15.34,14.22,14.34,69261000.00,14.30,14.34,13.68,13.70,20233800.00,13.90,13.98,13.42,13.48,23296400.00,13.60,13.70,13.42,13.42,7459800.00,13.50,2022-03-24
15.10,15.48,15.04,15.08,8333900.00,15.20,15.34,14.22,14.34,69261000.00,14.30,14.34,13.68,13.70,20233800.00,13.90,13.98,13.42,13.48,23296400.00,13.60,13.70,13.42,13.42,7459800.00,13.50,13.68,13.42,13.50,7843300.00,13.50,2022-03-25
15.20,15.34,14.22,14.34,69261000.00,14.30,14.34,13.68,13.70,20233800.00,13.90,13.98,13.42,13.48,23296400.00,13.60,13.70,13.42,13.42,7459800.00,13.50,13.68,13.42,13.50,7843300.00,13.42,13.72,13.40,13.50,6945300.00,13.50,2022-03-28
14.30,14.34,13.68,13.70,20233800.00,13.90,13.98,13.42,13.48,23296400.00,13.60,13.70,13.42,13.42,7459800.00,13.50,13.68,13.42,13.50,7843300.00,13.42,13.72,13.40,13.50,6945300.00,13.50,13.68,13.42,13.50,3903800.00,13.74,2022-03-29
13.90,13.98,13.42,13.48,23296400.00,13.60,13.70,13.42,13.42,7459800.00,13.50,13.68,13.42,13.50,7843300.00,13.42,13.72,13.40,13.50,6945300.00,13.50,13.68,13.42,13.50,3903800.00,13.50,13.74,13.44,13.74,6871700.00,13.88,2022-03-30
13.60,13.70,13.42,13.42,7459800.00,13.50,13.68,13.42,13.50,7843300.00,13.42,13.72,13.40,13.50,6945300.00,13.50,13.68,13.42,13.50,3903800.00,13.50,13.74,13.44,13.74,6871700.00,13.82,14.02,13.78,13.88,11120800.00,13.70,2022-03-31
13.50,13.68,13.42,13.50,7843300.00,13.42,13.72,13.40,13.50,6945300.00,13.50,13.68,13.42,13.50,3903800.00,13.50,13.74,13.44,13.74,6871700.00,13.82,14.02,13.78,13.88,11120800.00,13.90,13.94,13.60,13.70,12829800.00,13.60,2022-04-01
13.42,13.72,13.40,13.50,6945300.00,13.50,13.68,13.42,13.50,3903800.00,13.50,13.74,13.44,13.74,6871700.00,13.82,14.02,13.78,13.88,11120800.00,13.90,13.94,13.60,13.70,12829800.00,13.70,13.72,13.52,13.60,7146200.00,13.38,2022-04-04
13.50,13.68,13.42,13.50,3903800.00,13.50,13.74,13.44,13.74,6871700.00,13.82,14.02,13.78,13.88,11120800.00,13.90,13.94,13.60,13.70,12829800.00,13.70,13.72,13.52,13.60,7146200.00,13.60,13.68,13.36,13.38,6305700.00,13.28,2022-04-05
13.50,13.74,13.44,13.74,6871700.00,13.82,14.02,13.78,13.88,11120800.00,13.90,13.94,13.60,13.70,12829800.00,13.70,13.72,13.52,13.60,7146200.00,13.60,13.68,13.36,13.38,6305700.00,13.36,13.38,13.22,13.28,4645900.00,13.06,2022-04-06
13.82,14.02,13.78,13.88,11120800.00,13.90,13.94,13.60,13.70,12829800.00,13.70,13.72,13.52,13.60,7146200.00,13.60,13.68,13.36,13.38,6305700.00,13.36,13.38,13.22,13.28,4645900.00,13.30,13.30,12.88,13.06,8449300.00,12.92,2022-04-07
13.90,13.94,13.60,13.70,12829800.00,13.70,13.72,13.52,13.60,7146200.00,13.60,13.68,13.36,13.38,6305700.00,13.36,13.38,13.22,13.28,4645900.00,13.30,13.30,12.88,13.06,8449300.00,13.18,13.20,12.92,12.92,4848000.00,13.12,2022-04-08
13.70,13.72,13.52,13.60,7146200.00,13.60,13.68,13.36,13.38,6305700.00,13.36,13.38,13.22,13.28,4645900.00,13.30,13.30,12.88,13.06,8449300.00,13.18,13.20,12.92,12.92,4848000.00,12.94,13.12,12.94,13.12,2208100.00,12.80,2022-04-11
13.60,13.68,13.36,13.38,6305700.00,13.36,13.38,13.22,13.28,4645900.00,13.30,13.30,12.88,13.06,8449300.00,13.18,13.20,12.92,12.92,4848000.00,12.94,13.12,12.94,13.12,2208100.00,13.12,13.26,12.80,12.80,5970400.00,12.70,2022-04-12
13.36,13.38,13.22,13.28,4645900.00,13.30,13.30,12.88,13.06,8449300.00,13.18,13.20,12.92,12.92,4848000.00,12.94,13.12,12.94,13.12,2208100.00,13.12,13.26,12.80,12.80,5970400.00,12.80,12.84,12.62,12.70,8013600.00,13.32,2022-04-13
13.30,13.30,12.88,13.06,8449300.00,13.18,13.20,12.92,12.92,4848000.00,12.94,13.12,12.94,13.12,2208100.00,13.12,13.26,12.80,12.80,5970400.00,12.80,12.84,12.62,12.70,8013600.00,12.68,13.32,12.64,13.32,8679200.00,13.32,2022-04-18
13.18,13.20,12.92,12.92,4848000.00,12.94,13.12,12.94,13.12,2208100.00,13.12,13.26,12.80,12.80,5970400.00,12.80,12.84,12.62,12.70,8013600.00,12.68,13.32,12.64,13.32,8679200.00,13.30,13.32,13.04,13.32,1796200.00,13.66,2022-04-19
12.94,13.12,12.94,13.12,2208100.00,13.12,13.26,12.80,12.80,5970400.00,12.80,12.84,12.62,12.70,8013600.00,12.68,13.32,12.64,13.32,8679200.00,13.30,13.32,13.04,13.32,1796200.00,13.32,13.66,13.32,13.66,6517800.00,13.78,2022-04-20
13.12,13.26,12.80,12.80,5970400.00,12.80,12.84,12.62,12.70,8013600.00,12.68,13.32,12.64,13.32,8679200.00,13.30,13.32,13.04,13.32,1796200.00,13.32,13.66,13.32,13.66,6517800.00,13.60,13.78,13.52,13.78,4803900.00,13.54,2022-04-21
12.80,12.84,12.62,12.70,8013600.00,12.68,13.32,12.64,13.32,8679200.00,13.30,13.32,13.04,13.32,1796200.00,13.32,13.66,13.32,13.66,6517800.00,13.60,13.78,13.52,13.78,4803900.00,13.72,13.72,13.48,13.54,2887800.00,13.10,2022-04-22
12.68,13.32,12.64,13.32,8679200.00,13.30,13.32,13.04,13.32,1796200.00,13.32,13.66,13.32,13.66,6517800.00,13.60,13.78,13.52,13.78,4803900.00,13.72,13.72,13.48,13.54,2887800.00,13.40,13.50,13.00,13.10,3223000.00,12.74,2022-04-25
13.30,13.32,13.04,13.32,1796200.00,13.32,13.66,13.32,13.66,6517800.00,13.60,13.78,13.52,13.78,4803900.00,13.72,13.72,13.48,13.54,2887800.00,13.40,13.50,13.00,13.10,3223000.00,13.10,13.10,12.74,12.74,9042500.00,13.10,2022-04-26
13.32,13.66,13.32,13.66,6517800.00,13.60,13.78,13.52,13.78,4803900.00,13.72,13.72,13.48,13.54,2887800.00,13.40,13.50,13.00,13.10,3223000.00,13.10,13.10,12.74,12.74,9042500.00,12.84,13.20,12.84,13.10,6138900.00,13.28,2022-04-27
13.60,13.78,13.52,13.78,4803900.00,13.72,13.72,13.48,13.54,2887800.00,13.40,13.50,13.00,13.10,3223000.00,13.10,13.10,12.74,12.74,9042500.00,12.84,13.20,12.84,13.10,6138900.00,13.10,13.28,12.80,13.28,2439900.00,13.28,2022-04-28
13.72,13.72,13.48,13.54,2887800.00,13.40,13.50,13.00,13.10,3223000.00,13.10,13.10,12.74,12.74,9042500.00,12.84,13.20,12.84,13.10,6138900.00,13.10,13.28,12.80,13.28,2439900.00,13.20,13.44,12.94,13.28,7627300.00,12.98,2022-04-29
13.40,13.50,13.00,13.10,3223000.00,13.10,13.10,12.74,12.74,9042500.00,12.84,13.20,12.84,13.10,6138900.00,13.10,13.28,12.80,13.28,2439900.00,13.20,13.44,12.94,13.28,7627300.00,13.30,13.30,12.90,12.98,4538900.00,13.40,2022-05-02
13.10,13.10,12.74,12.74,9042500.00,12.84,13.20,12.84,13.10,6138900.00,13.10,13.28,12.80,13.28,2439900.00,13.20,13.44,12.94,13.28,7627300.00,13.30,13.30,12.90,12.98,4538900.00,12.90,13.40,12.90,13.40,5405400.00,13.90,2022-05-04
12.84,13.20,12.84,13.10,6138900.00,13.10,13.28,12.80,13.28,2439900.00,13.20,13.44,12.94,13.28,7627300.00,13.30,13.30,12.90,12.98,4538900.00,12.90,13.40,12.90,13.40,5405400.00,13.30,13.90,13.14,13.90,17099900.00,13.88,2022-05-05
13.10,13.28,12.80,13.28,2439900.00,13.20,13.44,12.94,13.28,7627300.00,13.30,13.30,12.90,12.98,4538900.00,12.90,13.40,12.90,13.40,5405400.00,13.30,13.90,13.14,13.90,17099900.00,13.90,14.14,13.84,13.88,9454800.00,13.38,2022-05-06
13.20,13.44,12.94,13.28,7627300.00,13.30,13.30,12.90,12.98,4538900.00,12.90,13.40,12.90,13.40,5405400.00,13.30,13.90,13.14,13.90,17099900.00,13.90,14.14,13.84,13.88,9454800.00,13.74,13.80,13.34,13.38,7209400.00,13.40,2022-05-10
13.30,13.30,12.90,12.98,4538900.00,12.90,13.40,12.90,13.40,5405400.00,13.30,13.90,13.14,13.90,17099900.00,13.90,14.14,13.84,13.88,9454800.00,13.74,13.80,13.34,13.38,7209400.00,13.10,13.64,12.80,13.40,11628800.00,13.34,2022-05-11
12.90,13.40,12.90,13.40,5405400.00,13.30,13.90,13.14,13.90,17099900.00,13.90,14.14,13.84,13.88,9454800.00,13.74,13.80,13.34,13.38,7209400.00,13.10,13.64,12.80,13.40,11628800.00,13.30,13.64,13.10,13.34,7026600.00,13.60,2022-05-12
13.30,13.90,13.14,13.90,17099900.00,13.90,14.14,13.84,13.88,9454800.00,13.74,13.80,13.34,13.38,7209400.00,13.10,13.64,12.80,13.40,11628800.00,13.30,13.64,13.10,13.34,7026600.00,13.20,13.60,13.10,13.60,13978200.00,14.36,2022-05-13
13.90,14.14,13.84,13.88,9454800.00,13.74,13.80,13.34,13.38,7209400.00,13.10,13.64,12.80,13.40,11628800.00,13.30,13.64,13.10,13.34,7026600.00,13.20,13.60,13.10,13.60,13978200.00,14.00,14.46,13.86,14.36,80913600.00,14.32,2022-05-16
13.74,13.80,13.34,13.38,7209400.00,13.10,13.64,12.80,13.40,11628800.00,13.30,13.64,13.10,13.34,7026600.00,13.20,13.60,13.10,13.60,13978200.00,14.00,14.46,13.86,14.36,80913600.00,13.90,14.34,13.90,14.32,21767400.00,14.60,2022-05-17
13.10,13.64,12.80,13.40,11628800.00,13.30,13.64,13.10,13.34,7026600.00,13.20,13.60,13.10,13.60,13978200.00,14.00,14.46,13.86,14.36,80913600.00,13.90,14.34,13.90,14.32,21767400.00,14.32,14.64,14.08,14.60,26251800.00,14.94,2022-05-18
13.30,13.64,13.10,13.34,7026600.00,13.20,13.60,13.10,13.60,13978200.00,14.00,14.46,13.86,14.36,80913600.00,13.90,14.34,13.90,14.32,21767400.00,14.32,14.64,14.08,14.60,26251800.00,14.60,14.94,14.50,14.94,18463700.00,15.70,2022-05-19
13.20,13.60,13.10,13.60,13978200.00,14.00,14.46,13.86,14.36,80913600.00,13.90,14.34,13.90,14.32,21767400.00,14.32,14.64,14.08,14.60,26251800.00,14.60,14.94,14.50,14.94,18463700.00,14.66,15.72,14.36,15.70,29993400.00,15.98,2022-05-20
14.00,14.46,13.86,14.36,80913600.00,13.90,14.34,13.90,14.32,21767400.00,14.32,14.64,14.08,14.60,26251800.00,14.60,14.94,14.50,14.94,18463700.00,14.66,15.72,14.36,15.70,29993400.00,15.60,15.98,15.26,15.98,25469900.00,15.92,2022-05-23
13.90,14.34,13.90,14.32,21767400.00,14.32,14.64,14.08,14.60,26251800.00,14.60,14.94,14.50,14.94,18463700.00,14.66,15.72,14.36,15.70,29993400.00,15.60,15.98,15.26,15.98,25469900.00,15.70,16.04,15.52,15.92,16012400.00,15.92,2022-05-24
14.32,14.64,14.08,14.60,26251800.00,14.60,14.94,14.50,14.94,18463700.00,14.66,15.72,14.36,15.70,29993400.00,15.60,15.98,15.26,15.98,25469900.00,15.70,16.04,15.52,15.92,16012400.00,15.90,16.14,15.64,15.92,16304900.00,15.78,2022-05-25
14.60,14.94,14.50,14.94,18463700.00,14.66,15.72,14.36,15.70,29993400.00,15.60,15.98,15.26,15.98,25469900.00,15.70,16.04,15.52,15.92,16012400.00,15.90,16.14,15.64,15.92,16304900.00,15.90,16.04,15.62,15.78,15439600.00,16.46,2022-05-26
14.66,15.72,14.36,15.70,29993400.00,15.60,15.98,15.26,15.98,25469900.00,15.70,16.04,15.52,15.92,16012400.00,15.90,16.14,15.64,15.92,16304900.00,15.90,16.04,15.62,15.78,15439600.00,15.96,16.46,15.82,16.46,26113100.00,16.68,2022-05-27
15.60,15.98,15.26,15.98,25469900.00,15.70,16.04,15.52,15.92,16012400.00,15.90,16.14,15.64,15.92,16304900.00,15.90,16.04,15.62,15.78,15439600.00,15.96,16.46,15.82,16.46,26113100.00,16.40,16.68,16.32,16.68,24215000.00,15.80,2022-05-30
15.70,16.04,15.52,15.92,16012400.00,15.90,16.14,15.64,15.92,16304900.00,15.90,16.04,15.62,15.78,15439600.00,15.96,16.46,15.82,16.46,26113100.00,16.40,16.68,16.32,16.68,24215000.00,16.40,16.58,15.80,15.80,16926800.00,14.80,2022-05-31
15.90,16.14,15.64,15.92,16304900.00,15.90,16.04,15.62,15.78,15439600.00,15.96,16.46,15.82,16.46,26113100.00,16.40,16.68,16.32,16.68,24215000.00,16.40,16.58,15.80,15.80,16926800.00,15.68,15.82,14.80,14.80,204223296.00,14.34,2022-06-01
15.90,16.04,15.62,15.78,15439600.00,15.96,16.46,15.82,16.46,26113100.00,16.40,16.68,16.32,16.68,24215000.00,16.40,16.58,15.80,15.80,16926800.00,15.68,15.82,14.80,14.80,204223296.00,14.50,14.74,14.06,14.34,23699100.00,13.98,2022-06-02
15.96,16.46,15.82,16.46,26113100.00,16.40,16.68,16.32,16.68,24215000.00,16.40,16.58,15.80,15.80,16926800.00,15.68,15.82,14.80,14.80,204223296.00,14.50,14.74,14.06,14.34,23699100.00,14.34,14.34,13.90,13.98,11888000.00,14.50,2022-06-03
16.40,16.68,16.32,16.68,24215000.00,16.40,16.58,15.80,15.80,16926800.00,15.68,15.82,14.80,14.80,204223296.00,14.50,14.74,14.06,14.34,23699100.00,14.34,14.34,13.90,13.98,11888000.00,14.04,14.54,13.70,14.50,7374700.00,14.20,2022-06-06
16.40,16.58,15.80,15.80,16926800.00,15.68,15.82,14.80,14.80,204223296.00,14.50,14.74,14.06,14.34,23699100.00,14.34,14.34,13.90,13.98,11888000.00,14.04,14.54,13.70,14.50,7374700.00,14.50,14.60,14.18,14.20,6990400.00,13.80,2022-06-07
15.68,15.82,14.80,14.80,204223296.00,14.50,14.74,14.06,14.34,23699100.00,14.34,14.34,13.90,13.98,11888000.00,14.04,14.54,13.70,14.50,7374700.00,14.50,14.60,14.18,14.20,6990400.00,14.22,14.48,13.80,13.80,9285700.00,14.00,2022-06-08
14.50,14.74,14.06,14.34,23699100.00,14.34,14.34,13.90,13.98,11888000.00,14.04,14.54,13.70,14.50,7374700.00,14.50,14.60,14.18,14.20,6990400.00,14.22,14.48,13.80,13.80,9285700.00,13.84,14.18,13.82,14.00,10150200.00,15.00,2022-06-09
14.34,14.34,13.90,13.98,11888000.00,14.04,14.54,13.70,14.50,7374700.00,14.50,14.60,14.18,14.20,6990400.00,14.22,14.48,13.80,13.80,9285700.00,13.84,14.18,13.82,14.00,10150200.00,14.00,15.00,13.94,15.00,7967700.00,14.50,2022-06-10
14.04,14.54,13.70,14.50,7374700.00,14.50,14.60,14.18,14.20,6990400.00,14.22,14.48,13.80,13.80,9285700.00,13.84,14.18,13.82,14.00,10150200.00,14.00,15.00,13.94,15.00,7967700.00,14.60,14.70,14.32,14.50,6324000.00,14.60,2022-06-13
14.50,14.60,14.18,14.20,6990400.00,14.22,14.48,13.80,13.80,9285700.00,13.84,14.18,13.82,14.00,10150200.00,14.00,15.00,13.94,15.00,7967700.00,14.60,14.70,14.32,14.50,6324000.00,14.20,14.60,14.02,14.60,8919500.00,14.10,2022-06-14
14.22,14.48,13.80,13.80,9285700.00,13.84,14.18,13.82,14.00,10150200.00,14.00,15.00,13.94,15.00,7967700.00,14.60,14.70,14.32,14.50,6324000.00,14.20,14.60,14.02,14.60,8919500.00,14.12,14.24,13.84,14.10,7831800.00,14.04,2022-06-15
13.84,14.18,13.82,14.00,10150200.00,14.00,15.00,13.94,15.00,7967700.00,14.60,14.70,14.32,14.50,6324000.00,14.20,14.60,14.02,14.60,8919500.00,14.12,14.24,13.84,14.10,7831800.00,13.90,14.12,13.90,14.04,4575300.00,14.00,2022-06-16
14.00,15.00,13.94,15.00,7967700.00,14.60,14.70,14.32,14.50,6324000.00,14.20,14.60,14.02,14.60,8919500.00,14.12,14.24,13.84,14.10,7831800.00,13.90,14.12,13.90,14.04,4575300.00,14.04,14.06,13.70,14.00,4148400.00,13.36,2022-06-17
14.60,14.70,14.32,14.50,6324000.00,14.20,14.60,14.02,14.60,8919500.00,14.12,14.24,13.84,14.10,7831800.00,13.90,14.12,13.90,14.04,4575300.00,14.04,14.06,13.70,14.00,4148400.00,13.70,13.80,13.36,13.36,10722800.00,13.18,2022-06-20
14.20,14.60,14.02,14.60,8919500.00,14.12,14.24,13.84,14.10,7831800.00,13.90,14.12,13.90,14.04,4575300.00,14.04,14.06,13.70,14.00,4148400.00,13.70,13.80,13.36,13.36,10722800.00,13.40,13.48,13.04,13.18,5377200.00,13.44,2022-06-21
14.12,14.24,13.84,14.10,7831800.00,13.90,14.12,13.90,14.04,4575300.00,14.04,14.06,13.70,14.00,4148400.00,13.70,13.80,13.36,13.36,10722800.00,13.40,13.48,13.04,13.18,5377200.00,13.18,13.48,13.14,13.44,2211600.00,13.40,2022-06-22
13.90,14.12,13.90,14.04,4575300.00,14.04,14.06,13.70,14.00,4148400.00,13.70,13.80,13.36,13.36,10722800.00,13.40,13.48,13.04,13.18,5377200.00,13.18,13.48,13.14,13.44,2211600.00,13.44,13.50,13.22,13.40,4384100.00,12.80,2022-06-23
14.04,14.06,13.70,14.00,4148400.00,13.70,13.80,13.36,13.36,10722800.00,13.40,13.48,13.04,13.18,5377200.00,13.18,13.48,13.14,13.44,2211600.00,13.44,13.50,13.22,13.40,4384100.00,13.24,13.44,12.76,12.80,7073800.00,12.84,2022-06-24
13.70,13.80,13.36,13.36,10722800.00,13.40,13.48,13.04,13.18,5377200.00,13.18,13.48,13.14,13.44,2211600.00,13.44,13.50,13.22,13.40,4384100.00,13.24,13.44,12.76,12.80,7073800.00,12.80,13.06,12.62,12.84,4824900.00,12.98,2022-06-27
13.40,13.48,13.04,13.18,5377200.00,13.18,13.48,13.14,13.44,2211600.00,13.44,13.50,13.22,13.40,4384100.00,13.24,13.44,12.76,12.80,7073800.00,12.80,13.06,12.62,12.84,4824900.00,12.84,13.38,12.82,12.98,7297200.00,13.08,2022-06-28
13.18,13.48,13.14,13.44,2211600.00,13.44,13.50,13.22,13.40,4384100.00,13.24,13.44,12.76,12.80,7073800.00,12.80,13.06,12.62,12.84,4824900.00,12.84,13.38,12.82,12.98,7297200.00,13.00,13.14,12.64,13.08,7858200.00,13.18,2022-06-29
13.44,13.50,13.22,13.40,4384100.00,13.24,13.44,12.76,12.80,7073800.00,12.80,13.06,12.62,12.84,4824900.00,12.84,13.38,12.82,12.98,7297200.00,13.00,13.14,12.64,13.08,7858200.00,13.00,13.70,12.90,13.18,15403500.00,13.00,2022-06-30
13.24,13.44,12.76,12.80,7073800.00,12.80,13.06,12.62,12.84,4824900.00,12.84,13.38,12.82,12.98,7297200.00,13.00,13.14,12.64,13.08,7858200.00,13.00,13.70,12.90,13.18,15403500.00,13.44,13.48,12.70,13.00,19965200.00,13.04,2022-07-01
12.80,13.06,12.62,12.84,4824900.00,12.84,13.38,12.82,12.98,7297200.00,13.00,13.14,12.64,13.08,7858200.00,13.00,13.70,12.90,13.18,15403500.00,13.44,13.48,12.70,13.00,19965200.00,13.00,13.30,12.88,13.04,2228100.00,13.20,2022-07-04
12.84,13.38,12.82,12.98,7297200.00,13.00,13.14,12.64,13.08,7858200.00,13.00,13.70,12.90,13.18,15403500.00,13.44,13.48,12.70,13.00,19965200.00,13.00,13.30,12.88,13.04,2228100.00,13.12,13.46,13.06,13.20,7194800.00,13.90,2022-07-05
13.00,13.14,12.64,13.08,7858200.00,13.00,13.70,12.90,13.18,15403500.00,13.44,13.48,12.70,13.00,19965200.00,13.00,13.30,12.88,13.04,2228100.00,13.12,13.46,13.06,13.20,7194800.00,13.22,13.90,13.22,13.90,9637600.00,14.40,2022-07-06
13.00,13.70,12.90,13.18,15403500.00,13.44,13.48,12.70,13.00,19965200.00,13.00,13.30,12.88,13.04,2228100.00,13.12,13.46,13.06,13.20,7194800.00,13.22,13.90,13.22,13.90,9637600.00,13.98,14.40,13.90,14.40,7629700.00,13.36,2022-07-07
13.44,13.48,12.70,13.00,19965200.00,13.00,13.30,12.88,13.04,2228100.00,13.12,13.46,13.06,13.20,7194800.00,13.22,13.90,13.22,13.90,9637600.00,13.98,14.40,13.90,14.40,7629700.00,14.40,14.40,12.94,13.36,19984300.00,13.04,2022-07-08
13.00,13.30,12.88,13.04,2228100.00,13.12,13.46,13.06,13.20,7194800.00,13.22,13.90,13.22,13.90,9637600.00,13.98,14.40,13.90,14.40,7629700.00,14.40,14.40,12.94,13.36,19984300.00,13.00,13.46,12.88,13.04,14612800.00,13.38,2022-07-11
13.12,13.46,13.06,13.20,7194800.00,13.22,13.90,13.22,13.90,9637600.00,13.98,14.40,13.90,14.40,7629700.00,14.40,14.40,12.94,13.36,19984300.00,13.00,13.46,12.88,13.04,14612800.00,13.04,13.38,13.00,13.38,3906200.00,13.52,2022-07-12
13.22,13.90,13.22,13.90,9637600.00,13.98,14.40,13.90,14.40,7629700.00,14.40,14.40,12.94,13.36,19984300.00,13.00,13.46,12.88,13.04,14612800.00,13.04,13.38,13.00,13.38,3906200.00,13.38,14.00,13.38,13.52,9931900.00,13.94,2022-07-13
13.98,14.40,13.90,14.40,7629700.00,14.40,14.40,12.94,13.36,19984300.00,13.00,13.46,12.88,13.04,14612800.00,13.04,13.38,13.00,13.38,3906200.00,13.38,14.00,13.38,13.52,9931900.00,13.52,14.20,13.52,13.94,14593100.00,13.96,2022-07-14
14.40,14.40,12.94,13.36,19984300.00,13.00,13.46,12.88,13.04,14612800.00,13.04,13.38,13.00,13.38,3906200.00,13.38,14.00,13.38,13.52,9931900.00,13.52,14.20,13.52,13.94,14593100.00,13.84,14.00,13.62,13.96,3444500.00,14.10,2022-07-15
13.00,13.46,12.88,13.04,14612800.00,13.04,13.38,13.00,13.38,3906200.00,13.38,14.00,13.38,13.52,9931900.00,13.52,14.20,13.52,13.94,14593100.00,13.84,14.00,13.62,13.96,3444500.00,13.98,14.20,13.90,14.10,11771400.00,14.02,2022-07-18
13.04,13.38,13.00,13.38,3906200.00,13.38,14.00,13.38,13.52,9931900.00,13.52,14.20,13.52,13.94,14593100.00,13.84,14.00,13.62,13.96,3444500.00,13.98,14.20,13.90,14.10,11771400.00,14.10,14.20,13.52,14.02,2631400.00,13.90,2022-07-19
13.38,14.00,13.38,13.52,9931900.00,13.52,14.20,13.52,13.94,14593100.00,13.84,14.00,13.62,13.96,3444500.00,13.98,14.20,13.90,14.10,11771400.00,14.10,14.20,13.52,14.02,2631400.00,13.78,14.00,13.70,13.90,4707300.00,14.00,2022-07-20
13.52,14.20,13.52,13.94,14593100.00,13.84,14.00,13.62,13.96,3444500.00,13.98,14.20,13.90,14.10,11771400.00,14.10,14.20,13.52,14.02,2631400.00,13.78,14.00,13.70,13.90,4707300.00,13.88,14.16,13.72,14.00,4588300.00,14.22,2022-07-21
13.84,14.00,13.62,13.96,3444500.00,13.98,14.20,13.90,14.10,11771400.00,14.10,14.20,13.52,14.02,2631400.00,13.78,14.00,13.70,13.90,4707300.00,13.88,14.16,13.72,14.00,4588300.00,14.00,14.22,13.70,14.22,3752700.00,14.38,2022-07-22
13.98,14.20,13.90,14.10,11771400.00,14.10,14.20,13.52,14.02,2631400.00,13.78,14.00,13.70,13.90,4707300.00,13.88,14.16,13.72,14.00,4588300.00,14.00,14.22,13.70,14.22,3752700.00,14.22,14.38,13.80,14.38,4639100.00,14.34,2022-07-25
14.10,14.20,13.52,14.02,2631400.00,13.78,14.00,13.70,13.90,4707300.00,13.88,14.16,13.72,14.00,4588300.00,14.00,14.22,13.70,14.22,3752700.00,14.22,14.38,13.80,14.38,4639100.00,14.14,14.64,14.14,14.34,4846900.00,14.14,2022-07-26
13.78,14.00,13.70,13.90,4707300.00,13.88,14.16,13.72,14.00,4588300.00,14.00,14.22,13.70,14.22,3752700.00,14.22,14.38,13.80,14.38,4639100.00,14.14,14.64,14.14,14.34,4846900.00,14.34,14.40,14.02,14.14,2915500.00,14.50,2022-07-27
13.88,14.16,13.72,14.00,4588300.00,14.00,14.22,13.70,14.22,3752700.00,14.22,14.38,13.80,14.38,4639100.00,14.14,14.64,14.14,14.34,4846900.00,14.34,14.40,14.02,14.14,2915500.00,14.18,14.50,13.90,14.50,2919300.00,14.44,2022-07-28
14.00,14.22,13.70,14.22,3752700.00,14.22,14.38,13.80,14.38,4639100.00,14.14,14.64,14.14,14.34,4846900.00,14.34,14.40,14.02,14.14,2915500.00,14.18,14.50,13.90,14.50,2919300.00,14.48,14.56,14.38,14.44,3966600.00,14.24,2022-07-29
14.22,14.38,13.80,14.38,4639100.00,14.14,14.64,14.14,14.34,4846900.00,14.34,14.40,14.02,14.14,2915500.00,14.18,14.50,13.90,14.50,2919300.00,14.48,14.56,14.38,14.44,3966600.00,14.34,14.34,14.12,14.24,5631200.00,14.60,2022-08-01
14.14,14.64,14.14,14.34,4846900.00,14.34,14.40,14.02,14.14,2915500.00,14.18,14.50,13.90,14.50,2919300.00,14.48,14.56,14.38,14.44,3966600.00,14.34,14.34,14.12,14.24,5631200.00,14.12,14.60,14.04,14.60,5173500.00,15.00,2022-08-02
14.34,14.40,14.02,14.14,2915500.00,14.18,14.50,13.90,14.50,2919300.00,14.48,14.56,14.38,14.44,3966600.00,14.34,14.34,14.12,14.24,5631200.00,14.12,14.60,14.04,14.60,5173500.00,14.60,15.00,14.36,15.00,9824300.00,15.10,2022-08-03
14.18,14.50,13.90,14.50,2919300.00,14.48,14.56,14.38,14.44,3966600.00,14.34,14.34,14.12,14.24,5631200.00,14.12,14.60,14.04,14.60,5173500.00,14.60,15.00,14.36,15.00,9824300.00,14.88,15.26,14.82,15.10,5154700.00,15.50,2022-08-04
14.48,14.56,14.38,14.44,3966600.00,14.34,14.34,14.12,14.24,5631200.00,14.12,14.60,14.04,14.60,5173500.00,14.60,15.00,14.36,15.00,9824300.00,14.88,15.26,14.82,15.10,5154700.00,15.10,15.50,14.98,15.50,5133200.00,15.80,2022-08-05
14.34,14.34,14.12,14.24,5631200.00,14.12,14.60,14.04,14.60,5173500.00,14.60,15.00,14.36,15.00,9824300.00,14.88,15.26,14.82,15.10,5154700.00,15.10,15.50,14.98,15.50,5133200.00,15.48,15.80,15.06,15.80,20841200.00,16.12,2022-08-08
14.12,14.60,14.04,14.60,5173500.00,14.60,15.00,14.36,15.00,9824300.00,14.88,15.26,14.82,15.10,5154700.00,15.10,15.50,14.98,15.50,5133200.00,15.48,15.80,15.06,15.80,20841200.00,15.74,16.12,15.66,16.12,19418400.00,16.08,2022-08-09
14.60,15.00,14.36,15.00,9824300.00,14.88,15.26,14.82,15.10,5154700.00,15.10,15.50,14.98,15.50,5133200.00,15.48,15.80,15.06,15.80,20841200.00,15.74,16.12,15.66,16.12,19418400.00,16.14,16.32,15.94,16.08,11541800.00,16.16,2022-08-10
14.88,15.26,14.82,15.10,5154700.00,15.10,15.50,14.98,15.50,5133200.00,15.48,15.80,15.06,15.80,20841200.00,15.74,16.12,15.66,16.12,19418400.00,16.14,16.32,15.94,16.08,11541800.00,16.00,16.16,15.64,16.16,7347100.00,16.30,2022-08-11
15.10,15.50,14.98,15.50,5133200.00,15.48,15.80,15.06,15.80,20841200.00,15.74,16.12,15.66,16.12,19418400.00,16.14,16.32,15.94,16.08,11541800.00,16.00,16.16,15.64,16.16,7347100.00,15.80,16.30,15.80,16.30,11023400.00,16.36,2022-08-12
15.48,15.80,15.06,15.80,20841200.00,15.74,16.12,15.66,16.12,19418400.00,16.14,16.32,15.94,16.08,11541800.00,16.00,16.16,15.64,16.16,7347100.00,15.80,16.30,15.80,16.30,11023400.00,16.30,16.44,16.26,16.36,12577700.00,16.28,2022-08-15
15.74,16.12,15.66,16.12,19418400.00,16.14,16.32,15.94,16.08,11541800.00,16.00,16.16,15.64,16.16,7347100.00,15.80,16.30,15.80,16.30,11023400.00,16.30,16.44,16.26,16.36,12577700.00,16.36,16.36,16.10,16.28,2936400.00,16.48,2022-08-16
16.14,16.32,15.94,16.08,11541800.00,16.00,16.16,15.64,16.16,7347100.00,15.80,16.30,15.80,16.30,11023400.00,16.30,16.44,16.26,16.36,12577700.00,16.36,16.36,16.10,16.28,2936400.00,16.26,16.48,16.00,16.48,7245600.00,16.22,2022-08-17
16.00,16.16,15.64,16.16,7347100.00,15.80,16.30,15.80,16.30,11023400.00,16.30,16.44,16.26,16.36,12577700.00,16.36,16.36,16.10,16.28,2936400.00,16.26,16.48,16.00,16.48,7245600.00,16.40,16.40,16.18,16.22,7532500.00,16.36,2022-08-18
15.80,16.30,15.80,16.30,11023400.00,16.30,16.44,16.26,16.36,12577700.00,16.36,16.36,16.10,16.28,2936400.00,16.26,16.48,16.00,16.48,7245600.00,16.40,16.40,16.18,16.22,7532500.00,16.14,16.36,16.14,16.36,7760200.00,16.30,2022-08-19
16.30,16.44,16.26,16.36,12577700.00,16.36,16.36,16.10,16.28,2936400.00,16.26,16.48,16.00,16.48,7245600.00,16.40,16.40,16.18,16.22,7532500.00,16.14,16.36,16.14,16.36,7760200.00,16.30,16.32,16.18,16.30,8453000.00,16.20,2022-08-22
16.36,16.36,16.10,16.28,2936400.00,16.26,16.48,16.00,16.48,7245600.00,16.40,16.40,16.18,16.22,7532500.00,16.14,16.36,16.14,16.36,7760200.00,16.30,16.32,16.18,16.30,8453000.00,16.30,16.34,16.16,16.20,4606200.00,16.20,2022-08-23
16.26,16.48,16.00,16.48,7245600.00,16.40,16.40,16.18,16.22,7532500.00,16.14,16.36,16.14,16.36,7760200.00,16.30,16.32,16.18,16.30,8453000.00,16.30,16.34,16.16,16.20,4606200.00,16.20,16.20,16.02,16.20,4228100.00,15.86,2022-08-24
16.40,16.40,16.18,16.22,7532500.00,16.14,16.36,16.14,16.36,7760200.00,16.30,16.32,16.18,16.30,8453000.00,16.30,16.34,16.16,16.20,4606200.00,16.20,16.20,16.02,16.20,4228100.00,16.04,16.20,15.68,15.86,6654100.00,16.08,2022-08-25
16.14,16.36,16.14,16.36,7760200.00,16.30,16.32,16.18,16.30,8453000.00,16.30,16.34,16.16,16.20,4606200.00,16.20,16.20,16.02,16.20,4228100.00,16.04,16.20,15.68,15.86,6654100.00,15.80,16.10,15.68,16.08,2458400.00,16.00,2022-08-26
16.30,16.32,16.18,16.30,8453000.00,16.30,16.34,16.16,16.20,4606200.00,16.20,16.20,16.02,16.20,4228100.00,16.04,16.20,15.68,15.86,6654100.00,15.80,16.10,15.68,16.08,2458400.00,15.88,16.10,15.84,16.00,4239500.00,16.42,2022-08-30
16.30,16.34,16.16,16.20,4606200.00,16.20,16.20,16.02,16.20,4228100.00,16.04,16.20,15.68,15.86,6654100.00,15.80,16.10,15.68,16.08,2458400.00,15.88,16.10,15.84,16.00,4239500.00,15.90,16.48,15.86,16.42,16811300.00,16.50,2022-08-31
16.20,16.20,16.02,16.20,4228100.00,16.04,16.20,15.68,15.86,6654100.00,15.80,16.10,15.68,16.08,2458400.00,15.88,16.10,15.84,16.00,4239500.00,15.90,16.48,15.86,16.42,16811300.00,16.38,16.50,16.20,16.50,23342900.00,16.48,2022-09-01
16.04,16.20,15.68,15.86,6654100.00,15.80,16.10,15.68,16.08,2458400.00,15.88,16.10,15.84,16.00,4239500.00,15.90,16.48,15.86,16.42,16811300.00,16.38,16.50,16.20,16.50,23342900.00,16.30,16.54,16.24,16.48,12942300.00,16.16,2022-09-02
15.80,16.10,15.68,16.08,2458400.00,15.88,16.10,15.84,16.00,4239500.00,15.90,16.48,15.86,16.42,16811300.00,16.38,16.50,16.20,16.50,23342900.00,16.30,16.54,16.24,16.48,12942300.00,16.44,16.44,16.06,16.16,7939000.00,16.08,2022-09-05
15.88,16.10,15.84,16.00,4239500.00,15.90,16.48,15.86,16.42,16811300.00,16.38,16.50,16.20,16.50,23342900.00,16.30,16.54,16.24,16.48,12942300.00,16.44,16.44,16.06,16.16,7939000.00,16.16,16.16,15.86,16.08,1657200.00,16.12,2022-09-06
15.90,16.48,15.86,16.42,16811300.00,16.38,16.50,16.20,16.50,23342900.00,16.30,16.54,16.24,16.48,12942300.00,16.44,16.44,16.06,16.16,7939000.00,16.16,16.16,15.86,16.08,1657200.00,15.88,16.14,15.88,16.12,5560400.00,15.90,2022-09-07
16.38,16.50,16.20,16.50,23342900.00,16.30,16.54,16.24,16.48,12942300.00,16.44,16.44,16.06,16.16,7939000.00,16.16,16.16,15.86,16.08,1657200.00,15.88,16.14,15.88,16.12,5560400.00,16.12,16.38,15.90,15.90,4386200.00,16.12,2022-09-08
16.30,16.54,16.24,16.48,12942300.00,16.44,16.44,16.06,16.16,7939000.00,16.16,16.16,15.86,16.08,1657200.00,15.88,16.14,15.88,16.12,5560400.00,16.12,16.38,15.90,15.90,4386200.00,15.88,16.20,15.86,16.12,8119400.00,16.08,2022-09-09
16.44,16.44,16.06,16.16,7939000.00,16.16,16.16,15.86,16.08,1657200.00,15.88,16.14,15.88,16.12,5560400.00,16.12,16.38,15.90,15.90,4386200.00,15.88,16.20,15.86,16.12,8119400.00,16.18,16.18,15.88,16.08,6410000.00,15.96,2022-09-12
16.16,16.16,15.86,16.08,1657200.00,15.88,16.14,15.88,16.12,5560400.00,16.12,16.38,15.90,15.90,4386200.00,15.88,16.20,15.86,16.12,8119400.00,16.18,16.18,15.88,16.08,6410000.00,16.02,16.08,15.82,15.96,3586700.00,15.50,2022-09-13
15.88,16.14,15.88,16.12,5560400.00,16.12,16.38,15.90,15.90,4386200.00,15.88,16.20,15.86,16.12,8119400.00,16.18,16.18,15.88,16.08,6410000.00,16.02,16.08,15.82,15.96,3586700.00,15.94,15.96,15.34,15.50,4754400.00,15.00,2022-09-14
16.12,16.38,15.90,15.90,4386200.00,15.88,16.20,15.86,16.12,8119400.00,16.18,16.18,15.88,16.08,6410000.00,16.02,16.08,15.82,15.96,3586700.00,15.94,15.96,15.34,15.50,4754400.00,15.40,15.40,14.80,15.00,11489700.00,14.50,2022-09-15
15.88,16.20,15.86,16.12,8119400.00,16.18,16.18,15.88,16.08,6410000.00,16.02,16.08,15.82,15.96,3586700.00,15.94,15.96,15.34,15.50,4754400.00,15.40,15.40,14.80,15.00,11489700.00,15.00,15.00,14.46,14.50,12524600.00,13.86,2022-09-16
16.18,16.18,15.88,16.08,6410000.00,16.02,16.08,15.82,15.96,3586700.00,15.94,15.96,15.34,15.50,4754400.00,15.40,15.40,14.80,15.00,11489700.00,15.00,15.00,14.46,14.50,12524600.00,14.60,14.60,13.86,13.86,64967300.00,14.00,2022-09-19
16.02,16.08,15.82,15.96,3586700.00,15.94,15.96,15.34,15.50,4754400.00,15.40,15.40,14.80,15.00,11489700.00,15.00,15.00,14.46,14.50,12524600.00,14.60,14.60,13.86,13.86,64967300.00,13.90,14.04,13.70,14.00,8318200.00,13.88,2022-09-20
15.94,15.96,15.34,15.50,4754400.00,15.40,15.40,14.80,15.00,11489700.00,15.00,15.00,14.46,14.50,12524600.00,14.60,14.60,13.86,13.86,64967300.00,13.90,14.04,13.70,14.00,8318200.00,14.20,14.20,13.88,13.88,4667900.00,13.50,2022-09-21
15.40,15.40,14.80,15.00,11489700.00,15.00,15.00,14.46,14.50,12524600.00,14.60,14.60,13.86,13.86,64967300.00,13.90,14.04,13.70,14.00,8318200.00,14.20,14.20,13.88,13.88,4667900.00,13.88,13.96,13.50,13.50,8955800.00,12.96,2022-09-22
15.00,15.00,14.46,14.50,12524600.00,14.60,14.60,13.86,13.86,64967300.00,13.90,14.04,13.70,14.00,8318200.00,14.20,14.20,13.88,13.88,4667900.00,13.88,13.96,13.50,13.50,8955800.00,13.50,13.54,12.90,12.96,12123800.00,13.36,2022-09-23
14.60,14.60,13.86,13.86,64967300.00,13.90,14.04,13.70,14.00,8318200.00,14.20,14.20,13.88,13.88,4667900.00,13.88,13.96,13.50,13.50,8955800.00,13.50,13.54,12.90,12.96,12123800.00,13.04,13.36,13.04,13.36,5793700.00,12.96,2022-09-27
13.90,14.04,13.70,14.00,8318200.00,14.20,14.20,13.88,13.88,4667900.00,13.88,13.96,13.50,13.50,8955800.00,13.50,13.54,12.90,12.96,12123800.00,13.04,13.36,13.04,13.36,5793700.00,13.28,13.30,12.84,12.96,8114300.00,12.52,2022-09-28
14.20,14.20,13.88,13.88,4667900.00,13.88,13.96,13.50,13.50,8955800.00,13.50,13.54,12.90,12.96,12123800.00,13.04,13.36,13.04,13.36,5793700.00,13.28,13.30,12.84,12.96,8114300.00,12.94,13.08,12.52,12.52,7366400.00,12.56,2022-09-29
13.88,13.96,13.50,13.50,8955800.00,13.50,13.54,12.90,12.96,12123800.00,13.04,13.36,13.04,13.36,5793700.00,13.28,13.30,12.84,12.96,8114300.00,12.94,13.08,12.52,12.52,7366400.00,12.64,12.88,12.42,12.56,9370100.00,12.18,2022-09-30
13.50,13.54,12.90,12.96,12123800.00,13.04,13.36,13.04,13.36,5793700.00,13.28,13.30,12.84,12.96,8114300.00,12.94,13.08,12.52,12.52,7366400.00,12.64,12.88,12.42,12.56,9370100.00,12.42,12.50,12.02,12.18,10771000.00,12.00,2022-10-03
13.04,13.36,13.04,13.36,5793700.00,13.28,13.30,12.84,12.96,8114300.00,12.94,13.08,12.52,12.52,7366400.00,12.64,12.88,12.42,12.56,9370100.00,12.42,12.50,12.02,12.18,10771000.00,12.18,12.18,11.80,12.00,5276500.00,12.42,2022-10-04
13.28,13.30,12.84,12.96,8114300.00,12.94,13.08,12.52,12.52,7366400.00,12.64,12.88,12.42,12.56,9370100.00,12.42,12.50,12.02,12.18,10771000.00,12.18,12.18,11.80,12.00,5276500.00,12.28,12.56,12.10,12.42,5557600.00,12.98,2022-10-05
12.94,13.08,12.52,12.52,7366400.00,12.64,12.88,12.42,12.56,9370100.00,12.42,12.50,12.02,12.18,10771000.00,12.18,12.18,11.80,12.00,5276500.00,12.28,12.56,12.10,12.42,5557600.00,12.60,12.98,12.54,12.98,5152300.00,12.10,2022-10-06
12.64,12.88,12.42,12.56,9370100.00,12.42,12.50,12.02,12.18,10771000.00,12.18,12.18,11.80,12.00,5276500.00,12.28,12.56,12.10,12.42,5557600.00,12.60,12.98,12.54,12.98,5152300.00,12.98,12.98,12.10,12.10,3541400.00,12.52,2022-10-07
12.42,12.50,12.02,12.18,10771000.00,12.18,12.18,11.80,12.00,5276500.00,12.28,12.56,12.10,12.42,5557600.00,12.60,12.98,12.54,12.98,5152300.00,12.98,12.98,12.10,12.10,3541400.00,12.30,12.64,12.12,12.52,2687400.00,12.18,2022-10-10
12.18,12.18,11.80,12.00,5276500.00,12.28,12.56,12.10,12.42,5557600.00,12.60,12.98,12.54,12.98,5152300.00,12.98,12.98,12.10,12.10,3541400.00,12.30,12.64,12.12,12.52,2687400.00,12.50,12.50,12.18,12.18,1908200.00,11.72,2022-10-11
12.28,12.56,12.10,12.42,5557600.00,12.60,12.98,12.54,12.98,5152300.00,12.98,12.98,12.10,12.10,3541400.00,12.30,12.64,12.12,12.52,2687400.00,12.50,12.50,12.18,12.18,1908200.00,12.20,12.40,11.40,11.72,6851200.00,11.70,2022-10-12
12.60,12.98,12.54,12.98,5152300.00,12.98,12.98,12.10,12.10,3541400.00,12.30,12.64,12.12,12.52,2687400.00,12.50,12.50,12.18,12.18,1908200.00,12.20,12.40,11.40,11.72,6851200.00,12.16,12.16,11.70,11.70,8440300.00,11.70,2022-10-13
12.98,12.98,12.10,12.10,3541400.00,12.30,12.64,12.12,12.52,2687400.00,12.50,12.50,12.18,12.18,1908200.00,12.20,12.40,11.40,11.72,6851200.00,12.16,12.16,11.70,11.70,8440300.00,11.80,12.00,11.70,11.70,6606300.00,11.50,2022-10-14
12.30,12.64,12.12,12.52,2687400.00,12.50,12.50,12.18,12.18,1908200.00,12.20,12.40,11.40,11.72,6851200.00,12.16,12.16,11.70,11.70,8440300.00,11.80,12.00,11.70,11.70,6606300.00,11.86,12.00,11.50,11.50,6179800.00,11.08,2022-10-17
12.50,12.50,12.18,12.18,1908200.00,12.20,12.40,11.40,11.72,6851200.00,12.16,12.16,11.70,11.70,8440300.00,11.80,12.00,11.70,11.70,6606300.00,11.86,12.00,11.50,11.50,6179800.00,11.50,11.58,11.06,11.08,6335000.00,11.40,2022-10-18
12.20,12.40,11.40,11.72,6851200.00,12.16,12.16,11.70,11.70,8440300.00,11.80,12.00,11.70,11.70,6606300.00,11.86,12.00,11.50,11.50,6179800.00,11.50,11.58,11.06,11.08,6335000.00,11.20,11.46,11.10,11.40,2383900.00,11.58,2022-10-19
12.16,12.16,11.70,11.70,8440300.00,11.80,12.00,11.70,11.70,6606300.00,11.86,12.00,11.50,11.50,6179800.00,11.50,11.58,11.06,11.08,6335000.00,11.20,11.46,11.10,11.40,2383900.00,11.40,11.60,11.36,11.58,2848200.00,11.10,2022-10-20
11.80,12.00,11.70,11.70,6606300.00,11.86,12.00,11.50,11.50,6179800.00,11.50,11.58,11.06,11.08,6335000.00,11.20,11.46,11.10,11.40,2383900.00,11.40,11.60,11.36,11.58,2848200.00,11.58,11.58,11.08,11.10,5886500.00,11.10,2022-10-21
11.86,12.00,11.50,11.50,6179800.00,11.50,11.58,11.06,11.08,6335000.00,11.20,11.46,11.10,11.40,2383900.00,11.40,11.60,11.36,11.58,2848200.00,11.58,11.58,11.08,11.10,5886500.00,11.18,11.30,11.08,11.10,7440100.00,11.20,2022-10-24
11.50,11.58,11.06,11.08,6335000.00,11.20,11.46,11.10,11.40,2383900.00,11.40,11.60,11.36,11.58,2848200.00,11.58,11.58,11.08,11.10,5886500.00,11.18,11.30,11.08,11.10,7440100.00,11.30,11.40,11.18,11.20,3402100.00,11.50,2022-10-25
11.20,11.46,11.10,11.40,2383900.00,11.40,11.60,11.36,11.58,2848200.00,11.58,11.58,11.08,11.10,5886500.00,11.18,11.30,11.08,11.10,7440100.00,11.30,11.40,11.18,11.20,3402100.00,11.34,11.50,11.14,11.50,2332300.00,11.78,2022-10-26
11.40,11.60,11.36,11.58,2848200.00,11.58,11.58,11.08,11.10,5886500.00,11.18,11.30,11.08,11.10,7440100.00,11.30,11.40,11.18,11.20,3402100.00,11.34,11.50,11.14,11.50,2332300.00,11.50,11.78,11.40,11.78,3075100.00,12.50,2022-10-27
11.58,11.58,11.08,11.10,5886500.00,11.18,11.30,11.08,11.10,7440100.00,11.30,11.40,11.18,11.20,3402100.00,11.34,11.50,11.14,11.50,2332300.00,11.50,11.78,11.40,11.78,3075100.00,11.82,12.50,11.82,12.50,3740100.00,11.68,2022-10-28
11.18,11.30,11.08,11.10,7440100.00,11.30,11.40,11.18,11.20,3402100.00,11.34,11.50,11.14,11.50,2332300.00,11.50,11.78,11.40,11.78,3075100.00,11.82,12.50,11.82,12.50,3740100.00,12.48,12.50,11.68,11.68,4212800.00,11.80,2022-11-02
11.30,11.40,11.18,11.20,3402100.00,11.34,11.50,11.14,11.50,2332300.00,11.50,11.78,11.40,11.78,3075100.00,11.82,12.50,11.82,12.50,3740100.00,12.48,12.50,11.68,11.68,4212800.00,11.84,11.90,11.70,11.80,6005200.00,11.70,2022-11-03
11.34,11.50,11.14,11.50,2332300.00,11.50,11.78,11.40,11.78,3075100.00,11.82,12.50,11.82,12.50,3740100.00,12.48,12.50,11.68,11.68,4212800.00,11.84,11.90,11.70,11.80,6005200.00,11.80,11.80,11.32,11.70,3542100.00,11.50,2022-11-04
11.50,11.78,11.40,11.78,3075100.00,11.82,12.50,11.82,12.50,3740100.00,12.48,12.50,11.68,11.68,4212800.00,11.84,11.90,11.70,11.80,6005200.00,11.80,11.80,11.32,11.70,3542100.00,11.68,11.68,11.28,11.50,3423700.00,11.92,2022-11-07
11.82,12.50,11.82,12.50,3740100.00,12.48,12.50,11.68,11.68,4212800.00,11.84,11.90,11.70,11.80,6005200.00,11.80,11.80,11.32,11.70,3542100.00,11.68,11.68,11.28,11.50,3423700.00,11.50,11.92,11.50,11.92,2437400.00,12.02,2022-11-08
12.48,12.50,11.68,11.68,4212800.00,11.84,11.90,11.70,11.80,6005200.00,11.80,11.80,11.32,11.70,3542100.00,11.68,11.68,11.28,11.50,3423700.00,11.50,11.92,11.50,11.92,2437400.00,11.92,12.14,11.78,12.02,4111400.00,12.00,2022-11-09
11.84,11.90,11.70,11.80,6005200.00,11.80,11.80,11.32,11.70,3542100.00,11.68,11.68,11.28,11.50,3423700.00,11.50,11.92,11.50,11.92,2437400.00,11.92,12.14,11.78,12.02,4111400.00,12.02,12.24,11.94,12.00,5068600.00,11.94,2022-11-10
11.80,11.80,11.32,11.70,3542100.00,11.68,11.68,11.28,11.50,3423700.00,11.50,11.92,11.50,11.92,2437400.00,11.92,12.14,11.78,12.02,4111400.00,12.02,12.24,11.94,12.00,5068600.00,11.90,11.96,11.30,11.94,3625800.00,11.82,2022-11-11
11.68,11.68,11.28,11.50,3423700.00,11.50,11.92,11.50,11.92,2437400.00,11.92,12.14,11.78,12.02,4111400.00,12.02,12.24,11.94,12.00,5068600.00,11.90,11.96,11.30,11.94,3625800.00,12.04,12.36,11.70,11.82,3795600.00,11.70,2022-11-14
11.50,11.92,11.50,11.92,2437400.00,11.92,12.14,11.78,12.02,4111400.00,12.02,12.24,11.94,12.00,5068600.00,11.90,11.96,11.30,11.94,3625800.00,12.04,12.36,11.70,11.82,3795600.00,12.08,12.08,11.70,11.70,2226800.00,12.20,2022-11-15
11.92,12.14,11.78,12.02,4111400.00,12.02,12.24,11.94,12.00,5068600.00,11.90,11.96,11.30,11.94,3625800.00,12.04,12.36,11.70,11.82,3795600.00,12.08,12.08,11.70,11.70,2226800.00,11.70,12.20,11.62,12.20,3981200.00,12.00,2022-11-16
12.02,12.24,11.94,12.00,5068600.00,11.90,11.96,11.30,11.94,3625800.00,12.04,12.36,11.70,11.82,3795600.00,12.08,12.08,11.70,11.70,2226800.00,11.70,12.20,11.62,12.20,3981200.00,12.28,12.28,11.80,12.00,13219400.00,12.32,2022-11-17
11.90,11.96,11.30,11.94,3625800.00,12.04,12.36,11.70,11.82,3795600.00,12.08,12.08,11.70,11.70,2226800.00,11.70,12.20,11.62,12.20,3981200.00,12.28,12.28,11.80,12.00,13219400.00,12.00,12.32,11.94,12.32,2698500.00,12.72,2022-11-18
12.04,12.36,11.70,11.82,3795600.00,12.08,12.08,11.70,11.70,2226800.00,11.70,12.20,11.62,12.20,3981200.00,12.28,12.28,11.80,12.00,13219400.00,12.00,12.32,11.94,12.32,2698500.00,12.38,12.96,12.30,12.72,11338500.00,12.80,2022-11-21
12.08,12.08,11.70,11.70,2226800.00,11.70,12.20,11.62,12.20,3981200.00,12.28,12.28,11.80,12.00,13219400.00,12.00,12.32,11.94,12.32,2698500.00,12.38,12.96,12.30,12.72,11338500.00,12.72,12.88,12.60,12.80,5131700.00,12.74,2022-11-22
11.70,12.20,11.62,12.20,3981200.00,12.28,12.28,11.80,12.00,13219400.00,12.00,12.32,11.94,12.32,2698500.00,12.38,12.96,12.30,12.72,11338500.00,12.72,12.88,12.60,12.80,5131700.00,12.80,12.86,12.62,12.74,5677200.00,12.80,2022-11-23
12.28,12.28,11.80,12.00,13219400.00,12.00,12.32,11.94,12.32,2698500.00,12.38,12.96,12.30,12.72,11338500.00,12.72,12.88,12.60,12.80,5131700.00,12.80,12.86,12.62,12.74,5677200.00,12.86,12.90,12.72,12.80,4437000.00,12.60,2022-11-24
12.00,12.32,11.94,12.32,2698500.00,12.38,12.96,12.30,12.72,11338500.00,12.72,12.88,12.60,12.80,5131700.00,12.80,12.86,12.62,12.74,5677200.00,12.86,12.90,12.72,12.80,4437000.00,12.80,12.96,12.52,12.60,4222100.00,12.60,2022-11-25
12.38,12.96,12.30,12.72,11338500.00,12.72,12.88,12.60,12.80,5131700.00,12.80,12.86,12.62,12.74,5677200.00,12.86,12.90,12.72,12.80,4437000.00,12.80,12.96,12.52,12.60,4222100.00,12.60,12.74,12.30,12.60,3399300.00,12.92,2022-11-28
12.72,12.88,12.60,12.80,5131700.00,12.80,12.86,12.62,12.74,5677200.00,12.86,12.90,12.72,12.80,4437000.00,12.80,12.96,12.52,12.60,4222100.00,12.60,12.74,12.30,12.60,3399300.00,12.60,13.20,12.60,12.92,9337500.00,12.64,2022-11-29
12.80,12.86,12.62,12.74,5677200.00,12.86,12.90,12.72,12.80,4437000.00,12.80,12.96,12.52,12.60,4222100.00,12.60,12.74,12.30,12.60,3399300.00,12.60,13.20,12.60,12.92,9337500.00,12.90,12.90,12.52,12.64,11078800.00,12.70,2022-12-01
12.86,12.90,12.72,12.80,4437000.00,12.80,12.96,12.52,12.60,4222100.00,12.60,12.74,12.30,12.60,3399300.00,12.60,13.20,12.60,12.92,9337500.00,12.90,12.90,12.52,12.64,11078800.00,13.20,13.20,12.66,12.70,4418500.00,11.90,2022-12-02
12.80,12.96,12.52,12.60,4222100.00,12.60,12.74,12.30,12.60,3399300.00,12.60,13.20,12.60,12.92,9337500.00,12.90,12.90,12.52,12.64,11078800.00,13.20,13.20,12.66,12.70,4418500.00,12.70,12.80,11.82,11.90,5362700.00,12.00,2022-12-05
12.60,12.74,12.30,12.60,3399300.00,12.60,13.20,12.60,12.92,9337500.00,12.90,12.90,12.52,12.64,11078800.00,13.20,13.20,12.66,12.70,4418500.00,12.70,12.80,11.82,11.90,5362700.00,12.04,12.30,11.90,12.00,9267800.00,11.58,2022-12-06
12.60,13.20,12.60,12.92,9337500.00,12.90,12.90,12.52,12.64,11078800.00,13.20,13.20,12.66,12.70,4418500.00,12.70,12.80,11.82,11.90,5362700.00,12.04,12.30,11.90,12.00,9267800.00,12.00,12.00,11.54,11.58,15686100.00,11.38,2022-12-07
12.90,12.90,12.52,12.64,11078800.00,13.20,13.20,12.66,12.70,4418500.00,12.70,12.80,11.82,11.90,5362700.00,12.04,12.30,11.90,12.00,9267800.00,12.00,12.00,11.54,11.58,15686100.00,11.64,11.64,11.38,11.38,7845200.00,11.24,2022-12-09
13.20,13.20,12.66,12.70,4418500.00,12.70,12.80,11.82,11.90,5362700.00,12.04,12.30,11.90,12.00,9267800.00,12.00,12.00,11.54,11.58,15686100.00,11.64,11.64,11.38,11.38,7845200.00,11.38,11.62,11.24,11.24,7848000.00,11.10,2022-12-12
12.70,12.80,11.82,11.90,5362700.00,12.04,12.30,11.90,12.00,9267800.00,12.00,12.00,11.54,11.58,15686100.00,11.64,11.64,11.38,11.38,7845200.00,11.38,11.62,11.24,11.24,7848000.00,11.38,11.48,11.10,11.10,5401900.00,11.24,2022-12-13
12.04,12.30,11.90,12.00,9267800.00,12.00,12.00,11.54,11.58,15686100.00,11.64,11.64,11.38,11.38,7845200.00,11.38,11.62,11.24,11.24,7848000.00,11.38,11.48,11.10,11.10,5401900.00,11.24,11.40,11.16,11.24,5021000.00,11.40,2022-12-14
12.00,12.00,11.54,11.58,15686100.00,11.64,11.64,11.38,11.38,7845200.00,11.38,11.62,11.24,11.24,7848000.00,11.38,11.48,11.10,11.10,5401900.00,11.24,11.40,11.16,11.24,5021000.00,11.40,11.52,11.26,11.40,8979700.00,11.10,2022-12-15
11.64,11.64,11.38,11.38,7845200.00,11.38,11.62,11.24,11.24,7848000.00,11.38,11.48,11.10,11.10,5401900.00,11.24,11.40,11.16,11.24,5021000.00,11.40,11.52,11.26,11.40,8979700.00,11.40,11.46,11.10,11.10,5374500.00,11.30,2022-12-16
11.38,11.62,11.24,11.24,7848000.00,11.38,11.48,11.10,11.10,5401900.00,11.24,11.40,11.16,11.24,5021000.00,11.40,11.52,11.26,11.40,8979700.00,11.40,11.46,11.10,11.10,5374500.00,11.10,11.30,11.00,11.30,11759800.00,11.20,2022-12-19
11.38,11.48,11.10,11.10,5401900.00,11.24,11.40,11.16,11.24,5021000.00,11.40,11.52,11.26,11.40,8979700.00,11.40,11.46,11.10,11.10,5374500.00,11.10,11.30,11.00,11.30,11759800.00,11.30,11.30,11.10,11.20,4457300.00,11.14,2022-12-20
11.24,11.40,11.16,11.24,5021000.00,11.40,11.52,11.26,11.40,8979700.00,11.40,11.46,11.10,11.10,5374500.00,11.10,11.30,11.00,11.30,11759800.00,11.30,11.30,11.10,11.20,4457300.00,11.16,11.30,11.12,11.14,1144300.00,11.06,2022-12-21
11.40,11.52,11.26,11.40,8979700.00,11.40,11.46,11.10,11.10,5374500.00,11.10,11.30,11.00,11.30,11759800.00,11.30,11.30,11.10,11.20,4457300.00,11.16,11.30,11.12,11.14,1144300.00,11.14,11.26,11.00,11.06,5264000.00,11.30,2022-12-22
11.40,11.46,11.10,11.10,5374500.00,11.10,11.30,11.00,11.30,11759800.00,11.30,11.30,11.10,11.20,4457300.00,11.16,11.30,11.12,11.14,1144300.00,11.14,11.26,11.00,11.06,5264000.00,11.10,11.54,11.10,11.30,11117500.00,11.70,2022-12-23
11.10,11.30,11.00,11.30,11759800.00,11.30,11.30,11.10,11.20,4457300.00,11.16,11.30,11.12,11.14,1144300.00,11.14,11.26,11.00,11.06,5264000.00,11.10,11.54,11.10,11.30,11117500.00,11.38,11.76,11.02,11.70,13265500.00,11.66,2022-12-27
11.30,11.30,11.10,11.20,4457300.00,11.16,11.30,11.12,11.14,1144300.00,11.14,11.26,11.00,11.06,5264000.00,11.10,11.54,11.10,11.30,11117500.00,11.38,11.76,11.02,11.70,13265500.00,11.70,11.76,11.32,11.66,10817900.00,11.32,2022-12-28
11.16,11.30,11.12,11.14,1144300.00,11.14,11.26,11.00,11.06,5264000.00,11.10,11.54,11.10,11.30,11117500.00,11.38,11.76,11.02,11.70,13265500.00,11.70,11.76,11.32,11.66,10817900.00,11.60,11.60,11.28,11.32,5937500.00,11.08,2022-12-29
